alpha,V0,kz,tier,xi_sponge,n_pts,amp0_log,gamma_r2,r2,t0,t1,gamma_plateau,plateau_t0,plateau_t1,has_plateau,gamma_sim,src,gamma_chased,ratio,rel_err
1.6,0.01,1.0,int,22.0,101,-13.360013001670483,0.042727604361629146,0.9999928438816789,75.91855112665026,88.90461908252463,0.0424081259430432,74.91962282235222,93.89926060401478,True,0.0424081259430432,t140/ym_k1_a1.600_circ_az2seed_v0.0100_sp22.0_eps0.15_nkz0_bp14_hd5e-05_recorr,0.0351459197970136,1.2066301348199935,0.20663013481999348
1.7,0.01,1.0,int,22.0,101,-13.390325320302026,0.04306169436541549,0.9999920352333579,74.91962282235222,87.90569077822661,0.04277163679171467,74.91962282235222,92.90033229971677,True,0.04277163679171467,t130/ym_k1_a1.700_circ_az2seed_v0.0100_sp22.0_eps0.15_nkz0_bp14_hd5e-05_recorr,0.0355965876728022,1.2015656440124065,0.2015656440124065
1.8,0.01,1.0,int,22.0,101,-13.418904466118693,0.043372984357635806,0.9999920060733176,74.91962282235222,87.90569077822661,0.04302961193318303,73.92069451805419,92.90033229971677,True,0.04302961193318303,t133/ym_k1_a1.800_circ_az2seed_v0.0100_sp22.0_eps0.15_nkz0_bp14_hd5e-05_recorr,0.0360183112044171,1.1946593411605069,0.19465934116050684
1.9,0.01,1.0,int,22.0,101,-13.445937970949968,0.043657968941067736,0.9999923853522237,73.92069451805419,86.90676247392858,0.04334242729688604,72.92176621375616,91.90140399541872,True,0.04334242729688604,t130/ym_k1_a1.900_circ_az2seed_v0.0100_sp22.0_eps0.15_nkz0_bp14_hd5e-05_recorr,0.0364135772793554,1.1902820468413284,0.1902820468413284
2.0,0.01,1.0,int,22.0,101,-13.471584622375744,0.0439229040319969,0.9999919699702439,73.92069451805419,86.90676247392858,0.043571418787244194,72.92176621375616,91.90140399541872,True,0.043571418787244194,t133/ym_k1_a2.000_circ_az2seed_v0.0100_sp22.0_eps0.15_nkz0_bp14_hd5e-05_recorr,0.0367845179106053,1.1845042768572527,0.1845042768572527
2.1,0.01,1.0,int,22.0,101,-13.495979758708456,0.04417093770488369,0.9999916116154317,72.92176621375616,85.90783416963055,0.043852066858333746,71.92283790945814,90.9024756911207,True,0.043852066858333746,t140/ym_k1_a2.100_circ_az2seed_v0.0100_sp22.0_eps0.15_nkz0_bp14_hd5e-05_recorr,0.0371329749372336,1.1809467712311637,0.1809467712311637
2.2,0.01,1.0,int,18.0,101,-13.519239763966523,0.04345530813870028,0.9999921202864701,73.92069451805419,86.90676247392858,0.043087016983778946,73.92069451805419,92.90033229971677,True,0.043087016983778946,t132/ym_k1_a2.200_circ_az2seed_v0.0100_sp18.0_eps0.15_nkz0_bp14_hd5e-05_recorr,0.0363731345519162,1.1845835536192204,0.18458355361922046
2.3,0.01,1.0,int,18.0,101,-13.541465665468435,0.04369472628220904,0.9999926765917017,73.92069451805419,86.90676247392858,0.043363553329275877,72.92176621375616,91.90140399541872,True,0.043363553329275877,abi/ym_k1_a2.300_circ_az2seed_v0.0100_sp18.0_eps0.15_nkz0_bp14_hd5e-05_recorr,0.0366971091621841,1.1816612893846543,0.18166128938465442
2.4,0.01,1.0,int,18.0,101,-13.562745508746149,0.043903893819125905,0.9999915184846365,73.92069451805419,86.90676247392858,0.04354671152918501,72.92176621375616,91.90140399541872,True,0.04354671152918501,t140/ym_k1_a2.400_circ_az2seed_v0.0100_sp18.0_eps0.15_nkz0_bp14_hd5e-05_recorr,0.0370040024496038,1.1768108487316151,0.17681084873161507
2.5,0.01,1.0,int,18.0,101,-13.583156450342148,0.04411627472372145,0.9999924304362434,72.92176621375616,85.90783416963055,0.04379484013919549,71.92283790945814,90.9024756911207,True,0.04379484013919549,t130/ym_k1_a2.500_circ_az2seed_v0.0100_sp18.0_eps0.15_nkz0_bp14_hd5e-05_recorr,0.0372948605917767,1.1742862004115386,0.17428620041153858
2.6,0.01,1.0,int,18.0,101,-13.602766802427135,0.044304695889275186,0.9999922663801768,72.92176621375616,85.90783416963055,0.043959855470383134,71.92283790945814,90.9024756911207,True,0.043959855470383134,t126/ym_k1_a2.600_circ_az2seed_v0.0100_sp18.0_eps0.15_nkz0_bp14_hd5e-05_recorr,0.0375706135298069,1.1700595582637288,0.17005955826372873
2.7,0.01,1.0,int,14.0,101,-13.621637028689356,0.04269967412020978,0.9999927367720498,74.91962282235222,87.90569077822661,0.04235678906956385,74.91962282235222,93.89926060401478,True,0.04235678906956385,abi/ym_k1_a2.700_circ_az2seed_v0.0100_sp14.0_eps0.15_nkz0_bp14_hd5e-05_recorr,0.0358632135406126,1.1810650772161764,0.18106507721617646
2.8,0.01,1.0,int,14.0,101,-13.63982083775087,0.04289884548207558,0.9999932715822231,74.91962282235222,87.90569077822661,0.042595773397415354,73.92069451805419,92.90033229971677,True,0.042595773397415354,t140/ym_k1_a2.800_circ_az2seed_v0.0100_sp14.0_eps0.15_nkz0_bp14_hd5e-05_recorr,0.0361283937534139,1.1790109930749502,0.17901099307495025
2.9,0.01,1.0,int,14.0,101,-13.657366509096414,0.04308334431522119,0.9999929103095275,74.91962282235222,87.90569077822661,0.04275678430540161,73.92069451805419,92.90033229971677,True,0.04275678430540161,t126/ym_k1_a2.900_circ_az2seed_v0.0100_sp14.0_eps0.15_nkz0_bp14_hd5e-05_recorr,0.0363821642391819,1.175212778006058,0.17521277800605786
3.0,0.01,1.0,int,14.0,101,-13.674317197142052,0.04325636307429074,0.999992407151437,73.92069451805419,86.90676247392858,0.04290179117596662,73.92069451805419,92.90033229971677,True,0.04290179117596662,t140/ym_k1_a3.000_circ_az2seed_v0.0100_sp14.0_eps0.15_nkz0_bp14_hd5e-05_recorr,0.0366250963915856,1.171376880958136,0.17137688095813589
2.2,0.01,2.0,int,22.0,101,-13.865813310984437,0.05737894645672014,0.9999754660168622,53.9421284320936,66.92819638796799,0.05727820893489885,55.939985040689656,67.92712469226602,True,0.05727820893489885,t132/ym_k2_a2.200_circ_az2seed_v0.0100_sp22.0_eps0.15_nkz0_nkz1to1_bp14_hd5e-05_recorr,0.0490754000411587,1.167147061192789,0.16714706119278894
2.3,0.01,2.0,int,22.0,101,-13.888039200449276,0.05769211204247228,0.9999721038681917,53.9421284320936,66.92819638796799,0.05756552138973717,53.9421284320936,67.92712469226602,True,0.05756552138973717,t130/ym_k2_a2.300_circ_az2seed_v0.0100_sp22.0_eps0.15_nkz0_nkz1to1_bp14_hd5e-05_recorr,0.0496035178671791,1.1605128802331628,0.16051288023316276
2.4,0.01,2.0,int,22.0,101,-13.909319123293388,0.058026340109588084,0.9999745478003645,52.94320012779557,65.92926808366995,0.057829479205630654,54.94105673639163,67.92712469226602,True,0.057829479205630654,abi/ym_k2_a2.400_circ_az2seed_v0.0100_sp22.0_eps0.15_nkz0_nkz1to1_bp14_hd5e-05_recorr,0.050110730691424,1.154033844801382,0.154033844801382
2.5,0.01,2.0,int,22.0,101,-13.92973005705357,0.0583262056687213,0.9999754857621626,52.94320012779557,65.92926808366995,0.05822867534768088,54.94105673639163,66.92819638796799,True,0.05822867534768088,t126/ym_k2_a2.500_circ_az2seed_v0.0100_sp22.0_eps0.15_nkz0_nkz1to1_bp14_hd5e-05_recorr,0.0505985168992575,1.150798065160984,0.15079806516098396
2.6,0.01,2.0,int,22.0,101,-13.949340442470453,0.058604269004205733,0.9999727578497561,52.94320012779557,65.92926808366995,0.0584790326566181,52.94320012779557,66.92819638796799,True,0.0584790326566181,abi/ym_k2_a2.600_circ_az2seed_v0.0100_sp22.0_eps0.15_nkz0_nkz1to1_bp14_hd5e-05_recorr,0.0510681953731909,1.1451164903962447,0.14511649039624464
2.7,0.01,2.0,int,22.0,101,-13.968210582873805,0.05888339374462608,0.9999727898602753,51.94427182349754,64.93033977937192,0.05872450975361576,52.94320012779557,66.92819638796799,True,0.05872450975361576,t140/ym_k2_a2.700_circ_az2seed_v0.0100_sp22.0_eps0.15_nkz0_nkz1to1_bp14_hd5e-05_recorr,0.0515209482633031,1.139818107646197,0.13981810764619707
2.8,0.01,2.0,int,22.0,101,-13.986394378099197,0.05914891581135638,0.999975486824389,51.94427182349754,64.93033977937192,0.05891748621978687,53.9421284320936,66.92819638796799,True,0.05891748621978687,t132/ym_k2_a2.800_circ_az2seed_v0.0100_sp22.0_eps0.15_nkz0_nkz1to1_bp14_hd5e-05_recorr,0.0519578397832764,1.1339479559877808,0.13394795598778067
2.9,0.01,2.0,int,22.0,101,-14.003939948158948,0.059404970314978954,0.9999742352868753,51.94427182349754,64.93033977937192,,,,False,0.059404970314978954,t140/ym_k2_a2.900_circ_az2seed_v0.0100_sp22.0_eps0.15_nkz0_nkz1to1_bp14_hd5e-05_recorr,0.0523798318415393,1.1341191490398876,0.13411914903988753
2.7,0.01,3.0,int,22.0,101,-14.170943118856245,0.045288681048754234,0.9999931636503866,83.9099775610345,96.89604551690888,0.04556688640326906,80.9131926481404,99.89283042980296,True,0.04556688640326906,t132/ym_k3_a2.700_circ_az2seed_v0.0100_sp22.0_eps0.15_nkz0_nkz1to2_bp14_hd5e-05_recorr,0.057605560965154,0.7910154096204841,0.20898459037951592
2.8,0.01,3.0,int,22.0,101,-14.189126945205807,0.045774495441527494,0.9999931625727028,82.91104925673646,95.89711721261084,0.046126213782341836,79.91426434384238,99.89283042980296,True,0.046126213782341836,t133/ym_k3_a2.800_circ_az2seed_v0.0100_sp22.0_eps0.15_nkz0_nkz1to2_bp14_hd5e-05_recorr,0.0581495326294705,0.7932344714833498,0.2067655285166502
2.9,0.01,3.0,int,22.0,101,-14.206672530256267,0.04625095206955885,0.9999929348805755,81.91212095243843,94.89818890831282,0.046665162914574586,79.91426434384238,99.89283042980296,True,0.046665162914574586,t133/ym_k3_a2.900_circ_az2seed_v0.0100_sp22.0_eps0.15_nkz0_nkz1to2_bp14_hd5e-05_recorr,0.0586765809550649,0.7952945136716678,0.2047054863283322
3.0,0.01,3.0,int,22.0,101,-14.223623314398296,0.046714384079714164,0.9999923042979197,80.9131926481404,93.89926060401478,0.04709638847405762,79.91426434384238,98.89390212550494,True,0.04709638847405762,t133/ym_k3_a3.000_circ_az2seed_v0.0100_sp22.0_eps0.15_nkz0_nkz1to2_bp14_hd5e-05_recorr,0.0591877180903172,0.795712184784538,0.20428781521546197
3.0,0.02,1.0,int,13.0,101,-13.327743646764459,0.04970982323724522,0.9999962661550104,81.91212095243843,94.89818890831282,0.050155211785250585,76.91747943094828,99.89283042980296,True,0.050155211785250585,t133/ym_k1_a3.000_circ_az2seed_v0.0200_sp13.0_eps0.15_nkz0_bp14_hd5e-05_recorr,0.0562832801717178,0.8911209800180312,0.10887901998196885
2.0,0.02,3.0,int,9.0,101,-13.67431741360054,0.062456326725344166,0.9999296368757313,54.94105673639163,67.92712469226602,,,,False,0.062456326725344166,t140/ym_k3_a2.000_circ_az2seed_v0.0200_sp9.0_eps0.15_nkz0_nkz1to2_bp14_hd5e-05_recorr,0.0790094263787168,0.7904920917406935,0.20950790825930657
3.0,0.02,3.0,int,8.0,101,-13.87704972501624,0.06972735137047628,0.9999180425984262,49.946415214901485,62.93248317077587,,,,False,0.06972735137047628,abi/ym_k3_a3.000_circ_az2seed_v0.0200_sp8.0_eps0.15_nkz0_nkz1to2_bp14_hd5e-05_recorr,0.0866638226839254,0.8045727641715194,0.19542723582848068
3.0,0.02,4.0,int,8.0,101,-14.020890713612598,0.08357071127273802,0.9999859397384776,81.91212095243843,94.89818890831282,0.08424737494215935,80.9131926481404,98.89390212550494,True,0.08424737494215935,abi/ym_k4_a3.000_circ_az2seed_v0.0200_sp8.0_eps0.15_nkz0_nkz1to3_bp14_hd5e-05_recorr,0.0938938612393764,0.8972617999740797,0.10273820002592024
3.0,0.02,5.0,int,8.0,101,-14.132462684005965,0.0848144676902412,0.999976970966956,73.92069451805419,86.90676247392858,0.08512974911951408,76.91747943094828,88.90461908252463,True,0.08512974911951408,abi/ym_k5_a3.000_circ_az2seed_v0.0200_sp8.0_eps0.15_nkz0_nkz1to4_bp14_hd5e-05_recorr,0.0977401819558333,0.8709800556539009,0.12901994434609912
3.0,0.02,6.0,int,8.0,101,-14.223623208409473,0.09044820149187432,0.9999988735918344,86.90676247392858,99.89283042980296,0.08653393936842212,73.92069451805419,87.90569077822661,True,0.08653393936842212,t130/ym_k6_a3.000_circ_az2seed_v0.0200_sp8.0_eps0.15_nkz0_nkz1to5_bp14_hd5e-05_recorr,0.0993986898465121,0.8705742450131359,0.12942575498686418
3.0,0.02,7.0,int,8.0,101,-14.300698514915794,0.08612240589387289,0.9999996291765187,86.90676247392858,99.89283042980296,0.08528358473411961,73.92069451805419,99.89283042980296,True,0.08528358473411961,t126/ym_k7_a3.000_circ_az2seed_v0.0200_sp8.0_eps0.15_nkz0_nkz1to6_bp14_hd5e-05_recorr,0.0995947733500806,0.8563058267560242,0.14369417324397588
0.9,0.03,1.0,int,14.0,101,-12.523024622989938,0.052932013049222515,0.999993189811541,73.92069451805419,86.90676247392858,0.05324255595665176,70.9239096051601,89.90354738682267,True,0.05324255595665176,t140/ym_k1_a0.900_circ_az2seed_v0.0300_sp14.0_eps0.15_nkz0_bp14_hd5e-05_recorr,0.0607139846252954,0.87694056460378,0.12305943539622004
1.0,0.03,1.0,int,14.0,101,-12.57570492432812,0.054187601739811596,0.9999935145988226,72.92176621375616,85.90783416963055,0.05439987038224594,70.9239096051601,87.90569077822661,True,0.05439987038224594,t140/ym_k1_a1.000_circ_az2seed_v0.0300_sp14.0_eps0.15_nkz0_bp14_hd5e-05_recorr,0.0621279350155592,0.8756104700505841,0.12438952994941585
1.1,0.03,1.0,int,10.0,101,-12.623360107801295,0.05181477777425422,0.9999941038562989,74.91962282235222,87.90569077822661,0.05196842622256765,76.91747943094828,90.9024756911207,True,0.05196842622256765,t133/ym_k1_a1.100_circ_az2seed_v0.0300_sp10.0_eps0.15_nkz0_bp14_hd5e-05_recorr,0.057481672038868,0.9040868920345185,0.09591310796548153
1.2,0.03,1.0,int,10.0,101,-12.666865777268574,0.052861626289119334,0.9999947715164448,73.92069451805419,86.90676247392858,0.05308442325981915,75.91855112665026,89.90354738682267,True,0.05308442325981915,t132/ym_k1_a1.200_circ_az2seed_v0.0300_sp10.0_eps0.15_nkz0_bp14_hd5e-05_recorr,0.0586547119080087,0.9050325461162314,0.09496745388376862
1.3,0.03,1.0,int,10.0,101,-12.706887033050698,0.05381215496045171,0.9999946473885428,72.92176621375616,85.90783416963055,0.06894556183208389,43.95284538911331,55.939985040689656,True,0.06894556183208389,t132/ym_k1_a1.300_circ_az2seed_v0.0300_sp10.0_eps0.15_nkz0_bp14_hd5e-05_recorr,0.0597177265378792,1.1545242230270008,0.15452422302700083
1.4,0.03,1.0,int,10.0,101,-12.743941045711034,0.05467448214584819,0.9999943641245377,71.92283790945814,84.90890586533251,,,,False,0.05467448214584819,t132/ym_k1_a1.400_circ_az2seed_v0.0300_sp10.0_eps0.15_nkz0_bp14_hd5e-05_recorr,0.0606829278790772,0.900986225562451,0.09901377443754905
1.5,0.03,1.0,int,8.0,101,-12.778437524881502,0.052147565838364864,0.9999950841884608,74.91962282235222,87.90569077822661,0.05241924688840001,71.92283790945814,90.9024756911207,True,0.05241924688840001,t133/ym_k1_a1.500_circ_az2seed_v0.0300_sp8.0_eps0.15_nkz0_bp14_hd5e-05_recorr,0.0569199478184944,0.9209292857321976,0.0790707142678024
1.6,0.03,1.0,int,8.0,101,-12.810706683561955,0.05291043517353816,0.9999950022401312,73.92069451805419,86.90676247392858,0.05316021441141888,71.92283790945814,89.90354738682267,True,0.05316021441141888,abi/ym_k1_a1.600_circ_az2seed_v0.0300_sp8.0_eps0.15_nkz0_bp14_hd5e-05_recorr,0.0577596441487393,0.920369493179767,0.079630506820233
1.7,0.03,1.0,int,8.0,101,-12.841019114123133,0.053611035565494194,0.9999951748257808,72.92176621375616,85.90783416963055,0.0538630177752855,70.9239096051601,88.90461908252463,True,0.0538630177752855,abi/ym_k1_a1.700_circ_az2seed_v0.0300_sp8.0_eps0.15_nkz0_bp14_hd5e-05_recorr,0.058536101060419,0.9201675000473623,0.0798324999526378
1.8,0.03,1.0,int,8.0,101,-12.869598146856898,0.05424972006218716,0.9999953346797203,71.92283790945814,84.90890586533251,0.054475890716972085,70.9239096051601,87.90569077822661,True,0.054475890716972085,t126/ym_k1_a1.800_circ_az2seed_v0.0300_sp8.0_eps0.15_nkz0_bp14_hd5e-05_recorr,0.0592545251192978,0.9193541017718927,0.0806458982281073
1.9,0.03,1.0,int,8.0,101,-12.896631871546045,0.0548547727360541,0.9999952382577233,70.9239096051601,83.9099775610345,0.05505198388821889,70.9239096051601,86.90676247392858,True,0.05505198388821889,t133/ym_k1_a1.900_circ_az2seed_v0.0300_sp8.0_eps0.15_nkz0_bp14_hd5e-05_recorr,0.059919312569355,0.9187686161201815,0.0812313838798185
2.1,0.03,1.0,int,8.0,101,-12.946673460556342,0.05591097478278976,0.9999951699999474,69.92498130086207,82.91104925673646,0.056043581373461236,69.92498130086207,84.90890586533251,True,0.056043581373461236,abi/ym_k1_a2.100_circ_az2seed_v0.0300_sp8.0_eps0.15_nkz0_bp14_hd5e-05_recorr,0.0611024032891399,0.9172074805021982,0.08279251949780178
2.2,0.03,1.0,int,8.0,101,-12.969933622965634,0.056387625555422,0.9999948632332036,68.92605299656404,81.91212095243843,0.05658731194367825,70.9239096051601,84.90890586533251,True,0.05658731194367825,t132/ym_k1_a2.200_circ_az2seed_v0.0300_sp8.0_eps0.15_nkz0_bp14_hd5e-05_recorr,0.061626667902242,0.9182276743153199,0.08177232568468006
2.3,0.03,1.0,int,8.0,101,-12.99215952339847,0.05681070514677397,0.9999950713469831,68.92605299656404,81.91212095243843,0.05696335574759258,70.9239096051601,83.9099775610345,True,0.05696335574759258,abi/ym_k1_a2.300_circ_az2seed_v0.0300_sp8.0_eps0.15_nkz0_bp14_hd5e-05_recorr,0.0621093820013894,0.9171457501592641,0.08285424984073589
2.4,0.03,1.0,int,8.0,101,-13.01343931525633,0.057209748763770295,0.999994585792203,67.92712469226602,80.9131926481404,0.05748276238161447,71.92283790945814,83.9099775610345,True,0.05748276238161447,t132/ym_k1_a2.400_circ_az2seed_v0.0300_sp8.0_eps0.15_nkz0_bp14_hd5e-05_recorr,0.0625526126243514,0.9189506236424846,0.08104937635751545
2.5,0.03,1.0,int,8.0,101,-13.033850204176526,0.057562912103942265,0.9999951238388249,67.92712469226602,80.9131926481404,0.05770331540640642,69.92498130086207,82.91104925673646,True,0.05770331540640642,t133/ym_k1_a2.500_circ_az2seed_v0.0300_sp8.0_eps0.15_nkz0_bp14_hd5e-05_recorr,0.0629581551973931,0.9165344064718677,0.0834655935281323
2.6,0.03,1.0,int,8.0,101,-13.053460589245601,0.057896836294119236,0.9999944670185124,67.92712469226602,80.9131926481404,0.05809264531613572,69.92498130086207,82.91104925673646,True,0.05809264531613572,abi/ym_k1_a2.600_circ_az2seed_v0.0300_sp8.0_eps0.15_nkz0_bp14_hd5e-05_recorr,0.0633275700232963,0.9173357716830947,0.08266422831690534
2.7,0.03,1.0,int,8.0,101,-13.072330798653176,0.05819553790632188,0.9999946135703157,66.92819638796799,79.91426434384238,0.05835074830978995,70.9239096051601,81.91212095243843,True,0.05835074830978995,abi/ym_k1_a2.700_circ_az2seed_v0.0300_sp8.0_eps0.15_nkz0_bp14_hd5e-05_recorr,0.0636622117727002,0.9165680343957523,0.08343196560424766
2.8,0.03,1.0,int,8.0,101,-13.090514643531456,0.058457157262512015,0.9999949000337559,66.92819638796799,79.91426434384238,0.05868259750583247,70.9239096051601,81.91212095243843,True,0.05868259750583247,t130/ym_k1_a2.800_circ_az2seed_v0.0300_sp8.0_eps0.15_nkz0_bp14_hd5e-05_recorr,0.063963253398354,0.9174423499124668,0.08255765008753324
1.3,0.03,2.0,int,22.0,101,-13.05346051435061,0.08441831656539439,0.9999749390670498,86.90676247392858,99.89283042980296,0.08426637690294378,87.90569077822661,99.89283042980296,True,0.08426637690294378,t140/ym_k2_a1.300_circ_az2seed_v0.0300_sp22.0_eps0.15_nkz0_nkz1to1_bp14_hd5e-05_recorr,0.0928448613953953,0.9076041003936812,0.09239589960631872
1.4,0.03,2.0,int,11.0,101,-13.0905147241531,0.07122220644466208,0.9999397112892601,48.94748691060345,61.93355486647784,,,,False,0.07122220644466208,t126/ym_k2_a1.400_circ_az2seed_v0.0300_sp11.0_eps0.15_nkz0_nkz1to1_bp14_hd5e-05_recorr,0.0867717355497269,0.8207996070776555,0.17920039292234444
1.6,0.03,2.0,int,18.0,101,-13.157280511435214,0.08742431802076324,0.9999911266515069,86.90676247392858,99.89283042980296,0.08775072103400737,83.9099775610345,99.89283042980296,True,0.08775072103400737,abi/ym_k2_a1.600_circ_az2seed_v0.0300_sp18.0_eps0.15_nkz0_nkz1to1_bp14_hd5e-05_recorr,0.0963924688671579,0.9103483090047206,0.08965169099527937
1.7,0.03,2.0,int,14.0,101,-13.187592641829344,0.08630712709996731,0.9999835536644364,86.90676247392858,99.89283042980296,,,,False,0.08630712709996731,abi/ym_k2_a1.700_circ_az2seed_v0.0300_sp14.0_eps0.15_nkz0_nkz1to1_bp14_hd5e-05_recorr,0.0951914893575259,0.9066685234413113,0.09333147655868869
1.8,0.03,2.0,int,14.0,101,-13.216171759117266,0.087463140457488,0.9999919236894237,86.90676247392858,99.89283042980296,,,,False,0.087463140457488,t132/ym_k2_a1.800_circ_az2seed_v0.0300_sp14.0_eps0.15_nkz0_nkz1to1_bp14_hd5e-05_recorr,0.0965386549557471,0.9059908748219118,0.0940091251780882
1.9,0.03,2.0,int,14.0,101,-13.243205457028772,0.08864341820100616,0.9999931050987463,86.90676247392858,99.89283042980296,,,,False,0.08864341820100616,t130/ym_k2_a1.900_circ_az2seed_v0.0300_sp14.0_eps0.15_nkz0_nkz1to1_bp14_hd5e-05_recorr,0.0978063910493536,0.9063151932093706,0.09368480679062943
2.0,0.03,2.0,int,14.0,101,-13.268851971643606,0.08977105495596274,0.9999932826239107,85.90783416963055,98.89390212550494,0.09039089415471696,80.9131926481404,99.89283042980296,True,0.09039089415471696,t140/ym_k2_a2.000_circ_az2seed_v0.0300_sp14.0_eps0.15_nkz0_nkz1to1_bp14_hd5e-05_recorr,0.0990013163074377,0.9130271952548386,0.08697280474516142
2.1,0.03,2.0,int,10.0,101,-13.293246978225563,0.08605328194487877,0.9999787315142998,86.90676247392858,99.89283042980296,0.08579671519769565,88.90461908252463,99.89283042980296,True,0.08579671519769565,t133/ym_k2_a2.100_circ_az2seed_v0.0300_sp10.0_eps0.15_nkz0_nkz1to1_bp14_hd5e-05_recorr,0.0946167114143854,0.9067818349967639,0.09321816500323606
2.2,0.03,2.0,int,10.0,101,-13.3165074149101,0.08693816535522321,0.9999860522097331,86.90676247392858,99.89283042980296,0.08682249454540981,87.90569077822661,99.89283042980296,True,0.08682249454540981,t140/ym_k2_a2.200_circ_az2seed_v0.0300_sp10.0_eps0.15_nkz0_nkz1to1_bp14_hd5e-05_recorr,0.0957330212898818,0.906923163769263,0.093076836230737
2.3,0.03,2.0,int,10.0,101,-13.33873307704747,0.08781416782155264,0.9999915820858859,86.90676247392858,99.89283042980296,0.08764228087468928,88.90461908252463,99.89283042980296,True,0.08764228087468928,t130/ym_k2_a2.300_circ_az2seed_v0.0300_sp10.0_eps0.15_nkz0_nkz1to1_bp14_hd5e-05_recorr,0.0967969490278925,0.9054240010130354,0.09457599898696453
2.4,0.03,2.0,int,10.0,101,-13.360012846568738,0.0886853139775974,0.9999952727506286,86.90676247392858,99.89283042980296,0.0886853139775974,86.90676247392858,99.89283042980296,True,0.0886853139775974,abi/ym_k2_a2.400_circ_az2seed_v0.0300_sp10.0_eps0.15_nkz0_nkz1to1_bp14_hd5e-05_recorr,0.0978120680822039,0.9066909198061722,0.09330908019382776
2.5,0.03,2.0,int,10.0,101,-13.380423853310917,0.08955690568891175,0.9999972397920937,86.90676247392858,99.89283042980296,0.08950382549197199,87.90569077822661,99.89283042980296,True,0.08950382549197199,t130/ym_k2_a2.500_circ_az2seed_v0.0300_sp10.0_eps0.15_nkz0_nkz1to1_bp14_hd5e-05_recorr,0.0987815447125088,0.9060784152795095,0.09392158472049049
2.6,0.03,2.0,int,10.0,101,-13.400034263795455,0.0904157645319893,0.9999972972587221,86.90676247392858,99.89283042980296,0.09046598105432756,85.90783416963055,99.89283042980296,True,0.09046598105432756,abi/ym_k2_a2.600_circ_az2seed_v0.0300_sp10.0_eps0.15_nkz0_nkz1to1_bp14_hd5e-05_recorr,0.0997081982261929,0.907307349482949,0.09269265051705096
2.7,0.03,2.0,int,8.0,101,-13.418904441294972,0.08658739353244116,0.999983789086217,86.90676247392858,99.89283042980296,0.08646576504909426,87.90569077822661,99.89283042980296,True,0.08646576504909426,t132/ym_k2_a2.700_circ_az2seed_v0.0300_sp8.0_eps0.15_nkz0_nkz1to1_bp14_hd5e-05_recorr,0.095343504541272,0.9068867928141369,0.0931132071858631
2.8,0.03,2.0,int,8.0,101,-13.437088074958327,0.0872940353341123,0.9999886154543075,86.90676247392858,99.89283042980296,0.0872940353341123,86.90676247392858,99.89283042980296,True,0.0872940353341123,t126/ym_k2_a2.800_circ_az2seed_v0.0300_sp8.0_eps0.15_nkz0_nkz1to1_bp14_hd5e-05_recorr,0.0962118809269088,0.9073103497522172,0.09268965024778278
2.9,0.03,2.0,int,8.0,101,-13.454633892034185,0.08798686332929988,0.9999922078008922,86.90676247392858,99.89283042980296,0.08798686332929988,86.90676247392858,99.89283042980296,True,0.08798686332929988,t133/ym_k2_a2.900_circ_az2seed_v0.0300_sp8.0_eps0.15_nkz0_nkz1to1_bp14_hd5e-05_recorr,0.0970472874324289,0.9066390793309136,0.09336092066908637
1.6,0.03,3.0,int,8.0,101,-13.360012797391315,0.08434702948537441,0.9999875754174067,78.91533603954434,91.90140399541872,0.0844635534159339,78.91533603954434,92.90033229971677,True,0.0844635534159339,t130/ym_k3_a1.600_circ_az2seed_v0.0300_sp8.0_eps0.15_nkz0_nkz1to2_bp14_hd5e-05_recorr,0.0949853723763333,0.8892269546650634,0.11077304533493658
1.7,0.03,3.0,int,8.0,101,-13.39032523907316,0.08607333116042036,0.9999873942846099,77.91640773524631,90.9024756911207,0.08610882603053145,79.91426434384238,91.90140399541872,True,0.08610882603053145,abi/ym_k3_a1.700_circ_az2seed_v0.0300_sp8.0_eps0.15_nkz0_nkz1to2_bp14_hd5e-05_recorr,0.0968267153750174,0.8893085518498203,0.11069144815017971
1.8,0.03,3.0,int,8.0,101,-13.41890431586429,0.08771752486154662,0.9999869362131117,76.91747943094828,89.90354738682267,0.08776015486906338,78.91533603954434,90.9024756911207,True,0.08776015486906338,t140/ym_k3_a1.800_circ_az2seed_v0.0300_sp8.0_eps0.15_nkz0_nkz1to2_bp14_hd5e-05_recorr,0.0985792136080367,0.8902501009797943,0.10974989902020574
1.9,0.03,3.0,int,8.0,101,-13.445938015811066,0.08929126923221364,0.9999863554982125,75.91855112665026,88.90461908252463,0.0893570180923464,76.91747943094828,89.90354738682267,True,0.0893570180923464,t126/ym_k3_a1.900_circ_az2seed_v0.0300_sp8.0_eps0.15_nkz0_nkz1to2_bp14_hd5e-05_recorr,0.1002511764619946,0.891331366332861,0.10866863366713903
2.1,0.03,3.0,int,8.0,101,-13.495979766308693,0.09223572572323294,0.9999840422855671,73.92069451805419,86.90676247392858,0.09218574080347508,76.91747943094828,87.90569077822661,True,0.09218574080347508,t140/ym_k3_a2.100_circ_az2seed_v0.0300_sp8.0_eps0.15_nkz0_nkz1to2_bp14_hd5e-05_recorr,0.1033810632090333,0.891708190474675,0.10829180952532501
2.2,0.03,3.0,int,18.0,67,-13.519239860937997,0.09152039982874753,0.9999743038924929,36.96034723411514,44.951773663113,,,,False,0.09152039982874753,t133/ym_k3_a2.200_circ_az2seed_v0.0300_sp18.0_eps0.15_nkz0_nkz1to2_bp14_hd5e-05_recorr,0.1162232686865221,0.787453328950821,0.21254667104917904
2.3,0.03,3.0,int,18.0,63,-13.541465601935249,0.0925008216531614,0.9999828950305812,36.96034725608335,43.95284538561263,,,,False,0.0925008216531614,t126/ym_k3_a2.300_circ_az2seed_v0.0300_sp18.0_eps0.15_nkz0_nkz1to2_bp14_hd5e-05_recorr,0.1175898358278044,0.7866396019858152,0.21336039801418485
2.4,0.03,3.0,int,18.0,60,-13.562745383894383,0.0936793291497271,0.9999808546300208,36.960347238767234,43.952845365020494,,,,False,0.0936793291497271,abi/ym_k3_a2.400_circ_az2seed_v0.0300_sp18.0_eps0.15_nkz0_nkz1to2_bp14_hd5e-05_recorr,0.1188953683150955,0.7879140329626544,0.21208596703734559
2.5,0.03,3.0,int,18.0,56,-13.583156172095615,0.09452917135189244,0.9999914460062689,36.96034721928659,42.95391703863036,,,,False,0.09452917135189244,t140/ym_k3_a2.500_circ_az2seed_v0.0300_sp18.0_eps0.15_nkz0_nkz1to2_bp14_hd5e-05_recorr,0.1201442231117258,0.7867974747648654,0.2132025252351346
2.6,0.03,3.0,int,14.0,84,-13.602766683263193,0.107302015906921,0.9999906749283476,66.92819632965104,76.91747936392731,0.10904267783841308,67.92712463307868,82.91104918449308,True,0.10904267783841308,abi/ym_k3_a2.600_circ_az2seed_v0.0300_sp14.0_eps0.15_nkz0_nkz1to2_bp14_hd5e-05_recorr,0.1196173021250688,0.9115961980516902,0.0884038019483098
2.7,0.03,3.0,int,14.0,79,-13.621636869309015,0.10829854084225315,0.9999930837208412,66.92819633270561,75.91855106396459,,,,False,0.10829854084225315,t132/ym_k3_a2.700_circ_az2seed_v0.0300_sp14.0_eps0.15_nkz0_nkz1to2_bp14_hd5e-05_recorr,0.1208128598862668,0.8964156708499854,0.10358432915001455
2.8,0.03,3.0,int,14.0,75,-13.639820751183857,0.10960850586353621,0.9999780990402095,64.93033975765188,73.92069449332675,,,,False,0.10960850586353621,t132/ym_k3_a2.800_circ_az2seed_v0.0300_sp14.0_eps0.15_nkz0_nkz1to2_bp14_hd5e-05_recorr,0.1219629134078408,0.8987035714455938,0.10129642855440628
2.9,0.03,3.0,int,14.0,71,-13.65736658242195,0.09799556972862696,0.9999590223472853,34.96249065784361,42.95391709392215,,,,False,0.09799556972862696,t126/ym_k3_a2.900_circ_az2seed_v0.0300_sp14.0_eps0.15_nkz0_nkz1to2_bp14_hd5e-05_recorr,0.123070142928872,0.7962578688582753,0.20374213114172474
1.8,0.03,4.0,int,8.0,101,-13.562745324058051,0.10159805119960542,0.9999958209492232,80.9131926481404,93.89926060401478,0.10108103937122608,79.91426434384238,99.89283042980296,True,0.10108103937122608,t133/ym_k4_a1.800_circ_az2seed_v0.0300_sp8.0_eps0.15_nkz0_nkz1to3_bp14_hd5e-05_recorr,0.1045720726835516,0.9666160072881997,0.03338399271180023
1.9,0.03,4.0,int,8.0,101,-13.589779168681337,0.10342629644193314,0.9999961177023275,79.91426434384238,92.90033229971677,0.10282827958797752,78.91533603954434,99.89283042980296,True,0.10282827958797752,t132/ym_k4_a1.900_circ_az2seed_v0.0300_sp8.0_eps0.15_nkz0_nkz1to3_bp14_hd5e-05_recorr,0.1065247144572081,0.9652997439320481,0.034700256067951865
2.1,0.03,4.0,int,8.0,101,-13.639820330316196,0.10684492352568106,0.9999961296939075,77.91640773524631,90.9024756911207,0.10609957187239362,76.91747943094828,99.89283042980296,True,0.10609957187239362,t133/ym_k4_a2.100_circ_az2seed_v0.0300_sp8.0_eps0.15_nkz0_nkz1to3_bp14_hd5e-05_recorr,0.1101916971586839,0.9628635787286466,0.037136421271353436
2.2,0.03,4.0,int,8.0,101,-13.663080829681618,0.10845778447135,0.999996141466609,77.91640773524631,90.9024756911207,0.10763091129960291,76.91747943094828,99.89283042980296,True,0.10763091129960291,abi/ym_k4_a2.200_circ_az2seed_v0.0300_sp8.0_eps0.15_nkz0_nkz1to3_bp14_hd5e-05_recorr,0.1119188334607726,0.9616872153812022,0.03831278461879787
2.3,0.03,4.0,int,8.0,101,-13.68530663187007,0.11001589041857239,0.9999965323339572,76.91747943094828,89.90354738682267,0.10910263575704421,75.91855112665026,99.89283042980296,True,0.10910263575704421,t132/ym_k4_a2.300_circ_az2seed_v0.0300_sp8.0_eps0.15_nkz0_nkz1to3_bp14_hd5e-05_recorr,0.113582299759044,0.9605601928161073,0.03943980718389269
2.4,0.03,4.0,int,8.0,101,-13.70658663567426,0.11150575019306425,0.9999963802599601,75.91855112665026,88.90461908252463,0.11050983692258642,74.91962282235222,99.89283042980296,True,0.11050983692258642,t130/ym_k4_a2.400_circ_az2seed_v0.0300_sp8.0_eps0.15_nkz0_nkz1to3_bp14_hd5e-05_recorr,0.1151867329990192,0.9593972677697822,0.04060273223021787
2.5,0.03,4.0,int,22.0,42,-13.72699744457095,0.09431144153416157,0.9999942430440585,34.96249067549261,38.958203895548905,,,,False,0.09431144153416157,t130/ym_k4_a2.500_circ_az2seed_v0.0300_sp22.0_eps0.15_nkz0_nkz1to3_bp14_hd5e-05_recorr,0.1270494062237219,0.7423209941500089,0.2576790058499911
2.6,0.03,4.0,int,8.0,101,-13.746607597297675,0.11436006386396018,0.9999967294338571,74.91962282235222,87.90569077822661,0.11314310240783966,73.92069451805419,99.89283042980296,True,0.11314310240783966,t130/ym_k4_a2.600_circ_az2seed_v0.0300_sp8.0_eps0.15_nkz0_nkz1to3_bp14_hd5e-05_recorr,0.1182345440114702,0.9569377828941718,0.04306221710582826
2.7,0.03,4.0,int,8.0,101,-13.7654779931035,0.1157112050030523,0.9999964501337133,74.91962282235222,87.90569077822661,0.11435700163309936,73.92069451805419,99.89283042980296,True,0.11435700163309936,t132/ym_k4_a2.700_circ_az2seed_v0.0300_sp8.0_eps0.15_nkz0_nkz1to3_bp14_hd5e-05_recorr,0.1196849033747517,0.955483928286512,0.04451607171348804
2.8,0.03,4.0,int,8.0,101,-13.783662052811653,0.11703390805455455,0.9999968571862787,73.92069451805419,86.90676247392858,0.11556074265573082,72.92176621375616,99.89283042980296,True,0.11556074265573082,t140/ym_k4_a2.800_circ_az2seed_v0.0300_sp8.0_eps0.15_nkz0_nkz1to3_bp14_hd5e-05_recorr,0.1210903057991538,0.95433521199794,0.045664788002059954
2.9,0.03,4.0,int,8.0,101,-13.801207727341966,0.11830577783612072,0.9999964952505203,73.92069451805419,86.90676247392858,0.11666112605241434,72.92176621375616,99.89283042980296,True,0.11666112605241434,t133/ym_k4_a2.900_circ_az2seed_v0.0300_sp8.0_eps0.15_nkz0_nkz1to3_bp14_hd5e-05_recorr,0.1224534395841566,0.952697829057211,0.047302170942788956
2.1,0.03,5.0,int,8.0,101,-13.7513927148157,0.10561281414654634,0.9999981012904966,80.9131926481404,93.89926060401478,0.10659613367903024,70.9239096051601,99.89283042980296,True,0.10659613367903024,t130/ym_k5_a2.100_circ_az2seed_v0.0300_sp8.0_eps0.15_nkz0_nkz1to4_bp14_hd5e-05_recorr,0.1127747913912535,0.9452124217123362,0.05478757828766382
2.2,0.03,5.0,int,8.0,101,-13.7746525502327,0.10735034584375422,0.9999980501627129,79.91426434384238,92.90033229971677,0.1083963748008686,69.92498130086207,99.89283042980296,True,0.1083963748008686,t126/ym_k5_a2.200_circ_az2seed_v0.0300_sp8.0_eps0.15_nkz0_nkz1to4_bp14_hd5e-05_recorr,0.1146947975174033,0.9450853669663699,0.05491463303363005
2.3,0.03,5.0,int,8.0,101,-13.796878516157962,0.1090513317068018,0.9999979215604851,78.91533603954434,91.90140399541872,0.11015531729293553,69.92498130086207,99.89283042980296,True,0.11015531729293553,t132/ym_k5_a2.300_circ_az2seed_v0.0300_sp8.0_eps0.15_nkz0_nkz1to4_bp14_hd5e-05_recorr,0.1165471538142389,0.9451566485142046,0.05484335148579548
2.4,0.03,5.0,int,8.0,101,-13.818158326761342,0.11069949473520008,0.999997613453123,78.91533603954434,91.90140399541872,0.11181842362160013,68.92605299656404,99.89283042980296,True,0.11181842362160013,t126/ym_k5_a2.400_circ_az2seed_v0.0300_sp8.0_eps0.15_nkz0_nkz1to4_bp14_hd5e-05_recorr,0.1183367000333268,0.9449175411356667,0.05508245886433328
2.5,0.03,5.0,int,8.0,101,-13.83856934886352,0.11227739685466402,0.9999979352066511,77.91640773524631,90.9024756911207,0.11343118723000627,68.92605299656404,99.89283042980296,True,0.11343118723000627,t126/ym_k5_a2.500_circ_az2seed_v0.0300_sp8.0_eps0.15_nkz0_nkz1to4_bp14_hd5e-05_recorr,0.1200677491191732,0.9447265236680683,0.055273476331931706
2.6,0.03,5.0,int,8.0,101,-13.858179484328046,0.113811736446482,0.9999978484341336,76.91747943094828,89.90354738682267,0.11494590290843099,67.92712469226602,99.89283042980296,True,0.11494590290843099,t140/ym_k5_a2.600_circ_az2seed_v0.0300_sp8.0_eps0.15_nkz0_nkz1to4_bp14_hd5e-05_recorr,0.1217441623422939,0.9441594627367098,0.05584053726329024
2.7,0.03,5.0,int,8.0,101,-13.87704980840452,0.11529786817364575,0.9999976351136928,76.91747943094828,89.90354738682267,0.11640109215692084,67.92712469226602,99.89283042980296,True,0.11640109215692084,abi/ym_k5_a2.700_circ_az2seed_v0.0300_sp8.0_eps0.15_nkz0_nkz1to4_bp14_hd5e-05_recorr,0.1233694113576498,0.943516637357313,0.056483362642687
2.8,0.03,5.0,int,8.0,101,-13.895233497917497,0.11673261182279705,0.9999978953087975,75.91855112665026,88.90461908252463,0.11779277690836135,67.92712469226602,99.89283042980296,True,0.11779277690836135,t132/ym_k5_a2.800_circ_az2seed_v0.0300_sp8.0_eps0.15_nkz0_nkz1to4_bp14_hd5e-05_recorr,0.124946629847364,0.9427447307082882,0.057255269291711756
2.9,0.03,5.0,int,8.0,101,-13.912779358121906,0.1181474953038393,0.9999975656596518,74.91962282235222,87.90569077822661,0.11915339248627269,66.92819638796799,98.89390212550494,True,0.11915339248627269,t130/ym_k5_a2.900_circ_az2seed_v0.0300_sp8.0_eps0.15_nkz0_nkz1to4_bp14_hd5e-05_recorr,0.1264786567928586,0.9420830004655811,0.05791699953441891
2.2,0.03,6.0,int,8.0,101,-13.865813239473496,0.10469772167031832,0.999999855587777,69.92498130086207,85.90783416963055,0.10356848900386287,55.939985040689656,87.90569077822661,True,0.10356848900386287,t132/ym_k6_a2.200_circ_az2seed_v0.0300_sp8.0_eps0.15_nkz0_nkz1to5_bp14_hd5e-05_recorr,0.1148483527874946,0.9017847142788107,0.0982152857211893
2.3,0.03,6.0,int,8.0,101,-13.888039323152935,0.1065233851976346,0.9999997584748431,68.92605299656404,85.90783416963055,0.10545445034425747,55.939985040689656,86.90676247392858,True,0.10545445034425747,t140/ym_k6_a2.300_circ_az2seed_v0.0300_sp8.0_eps0.15_nkz0_nkz1to5_bp14_hd5e-05_recorr,0.1168376970271069,0.9025721409057861,0.09742785909421393
2.4,0.03,6.0,int,8.0,101,-13.90931917889803,0.10824087854959706,0.9999998376309857,67.92712469226602,84.90890586533251,0.107222807366572,55.939985040689656,85.90783416963055,True,0.107222807366572,t132/ym_k6_a2.400_circ_az2seed_v0.0300_sp8.0_eps0.15_nkz0_nkz1to5_bp14_hd5e-05_recorr,0.118762702698027,0.9028323280853837,0.09716767191461624
2.6,0.03,6.0,int,8.0,101,-13.94934013780045,0.11144783160174002,0.9999997977174281,66.92819638796799,82.91104925673646,0.11026983261880517,54.94105673639163,83.9099775610345,True,0.11026983261880517,t126/ym_k6_a2.600_circ_az2seed_v0.0300_sp8.0_eps0.15_nkz0_nkz1to5_bp14_hd5e-05_recorr,0.1224364779744644,0.9006289174848959,0.0993710825151041
2.7,0.03,6.0,int,8.0,101,-13.968210531528904,0.11307185988650836,0.9999997964908552,65.92926808366995,82.91104925673646,0.11210231215941019,54.94105673639163,83.9099775610345,True,0.11210231215941019,t132/ym_k6_a2.700_circ_az2seed_v0.0300_sp8.0_eps0.15_nkz0_nkz1to5_bp14_hd5e-05_recorr,0.1241925960618325,0.9026489155891158,0.09735108441088429
2.8,0.03,6.0,int,8.0,101,-13.986394048785487,0.11460278543502461,0.9999997374483605,65.92926808366995,81.91212095243843,0.11349373021304696,53.9421284320936,82.91104925673646,True,0.11349373021304696,abi/ym_k6_a2.800_circ_az2seed_v0.0300_sp8.0_eps0.15_nkz0_nkz1to5_bp14_hd5e-05_recorr,0.1258991814352097,0.9014651955577102,0.09853480444228975
2.9,0.03,6.0,int,8.0,101,-14.003940201618436,0.11593733356493581,0.9999998447230541,65.92926808366995,80.9131926481404,0.11507903530780586,54.94105673639163,82.91104925673646,True,0.11507903530780586,t126/ym_k6_a2.900_circ_az2seed_v0.0300_sp8.0_eps0.15_nkz0_nkz1to5_bp14_hd5e-05_recorr,0.1275590967301069,0.9021625133587555,0.09783748664124445
2.3,0.03,7.0,int,8.0,101,-13.965114466602875,0.10246644789654431,0.9999995313731425,86.90676247392858,99.89283042980296,0.09863532713098556,43.95284538911331,78.91533603954434,True,0.09863532713098556,t133/ym_k7_a2.300_circ_az2seed_v0.0300_sp8.0_eps0.15_nkz0_nkz1to6_bp14_hd5e-05_recorr,0.1154922871300019,0.8540425476201576,0.14595745237984237
2.4,0.03,7.0,int,8.0,101,-13.98639431183401,0.10427180044249022,0.9999996132629948,86.90676247392858,99.89283042980296,0.1019025412189134,48.94748691060345,99.89283042980296,True,0.1019025412189134,t126/ym_k7_a2.400_circ_az2seed_v0.0300_sp8.0_eps0.15_nkz0_nkz1to6_bp14_hd5e-05_recorr,0.1175090351241599,0.86718898773395,0.13281101226605
2.5,0.03,7.0,int,8.0,101,-14.00680548658451,0.10599124184423256,0.9999995479364511,85.90783416963055,98.89390212550494,0.10459099974448693,62.93248317077587,99.89283042980296,True,0.10459099974448693,t133/ym_k7_a2.500_circ_az2seed_v0.0300_sp8.0_eps0.15_nkz0_nkz1to6_bp14_hd5e-05_recorr,0.1194659496087172,0.8754879535721292,0.1245120464278708
2.6,0.03,7.0,int,8.0,101,-14.026415849259283,0.10769176848327669,0.9999995653497258,84.90890586533251,97.8949738212069,0.10360475443102925,42.95391708481528,77.91640773524631,True,0.10360475443102925,t140/ym_k7_a2.600_circ_az2seed_v0.0300_sp8.0_eps0.15_nkz0_nkz1to6_bp14_hd5e-05_recorr,0.1213667753756329,0.8536500546411504,0.1463499453588496
2.7,0.03,7.0,int,8.0,101,-14.04528583646962,0.10927136968600551,0.9999994473966167,83.9099775610345,96.89604551690888,0.10688630038123785,46.94963030200739,99.89283042980296,True,0.10688630038123785,t140/ym_k7_a2.700_circ_az2seed_v0.0300_sp8.0_eps0.15_nkz0_nkz1to6_bp14_hd5e-05_recorr,0.123214895859428,0.8674787219167158,0.13252127808328415
2.8,0.03,7.0,int,8.0,101,-14.063469888178203,0.11095348108028637,0.9999994701988039,82.91104925673646,95.89711721261084,0.10863722663829715,47.94855860630543,99.89283042980296,True,0.10863722663829715,abi/ym_k7_a2.800_circ_az2seed_v0.0300_sp8.0_eps0.15_nkz0_nkz1to6_bp14_hd5e-05_recorr,0.1250133794558591,0.8690047986156217,0.1309952013843782
2.5,0.03,8.0,int,8.0,101,-14.073570973266985,0.0916146681948287,0.9999970179872899,46.94963030200739,64.93033977937192,0.09353994297376525,48.94748691060345,93.89926060401478,True,0.09353994297376525,abi/ym_k8_a2.500_circ_az2seed_v0.0300_sp8.0_eps0.15_nkz0_nkz1to7_bp14_hd5e-05_recorr,0.1172722984824334,0.7976303371232799,0.20236966287672015
2.6,0.03,8.0,int,8.0,101,-14.093181761747005,0.09266045361357028,0.9999984517759801,47.94855860630543,60.93462656217981,0.09470610997298474,49.946415214901485,89.90354738682267,True,0.09470610997298474,t133/ym_k8_a2.600_circ_az2seed_v0.0300_sp8.0_eps0.15_nkz0_nkz1to7_bp14_hd5e-05_recorr,0.11923016413351,0.7943133405984074,0.2056866594015926
2.7,0.03,8.0,int,8.0,101,-14.112051703325612,0.09371876673448482,0.9999951854598051,44.95177369341133,63.93141147507389,0.09737044860841088,61.93355486647784,91.90140399541872,True,0.09737044860841088,t133/ym_k8_a2.700_circ_az2seed_v0.0300_sp8.0_eps0.15_nkz0_nkz1to7_bp14_hd5e-05_recorr,0.1211364143616363,0.8038082447918975,0.19619175520810253
2.9,0.03,8.0,int,8.0,101,-14.147780866081444,0.10286997119768024,0.9999976974056116,86.90676247392858,99.89283042980296,0.09836386630138752,47.94855860630543,84.90890586533251,True,0.09836386630138752,t130/ym_k8_a2.900_circ_az2seed_v0.0300_sp8.0_eps0.15_nkz0_nkz1to7_bp14_hd5e-05_recorr,0.1248055192354613,0.7881371505358807,0.21186284946411932
0.7,0.05,1.0,int,12.0,101,-12.141954601731582,0.06911747419561534,0.9999760409534466,53.9421284320936,66.92819638796799,,,,False,0.06911747419561534,t126/ym_k1_a0.700_circ_az2seed_v0.0500_sp12.0_eps0.15_nkz0_bp14_hd5e-05_recorr,0.0779365778677965,0.8868425595085665,0.11315744049143348
1.0,0.05,1.0,int,14.0,101,-12.320292095386973,0.07595498752363289,0.9999710611571667,48.94748691060345,61.93355486647784,0.07570478714298101,49.946415214901485,60.93462656217981,True,0.07570478714298101,t126/ym_k1_a1.000_circ_az2seed_v0.0500_sp14.0_eps0.15_nkz0_bp14_hd5e-05_recorr,0.086566632946054,0.8745261836643017,0.12547381633569832
1.1,0.05,1.0,int,9.0,101,-12.36794718116072,0.07169342089871145,0.999977461203097,51.94427182349754,64.93033977937192,,,,False,0.07169342089871145,t133/ym_k1_a1.100_circ_az2seed_v0.0500_sp9.0_eps0.15_nkz0_bp14_hd5e-05_recorr,0.0786258460249333,0.9118301999062307,0.08816980009376935
1.8,0.05,1.0,int,6.0,101,-12.614185432083248,0.06991375308725571,0.9999866860424074,51.94427182349754,64.93033977937192,0.06994229681599522,52.94320012779557,65.92926808366995,True,0.06994229681599522,t130/ym_k1_a1.800_circ_az2seed_v0.0500_sp6.0_eps0.15_nkz0_bp14_hd5e-05_recorr,0.0747395567647423,0.9358136419801443,0.06418635801985573
2.1,0.05,1.0,int,5.0,101,-12.6912607860845,0.06736541774909223,0.9999897481489033,53.9421284320936,66.92819638796799,0.06743904769688097,55.939985040689656,67.92712469226602,True,0.06743904769688097,abi/ym_k1_a2.100_circ_az2seed_v0.0500_sp5.0_eps0.15_nkz0_bp14_hd5e-05_recorr,0.0712949450436481,0.9459162589380429,0.054083741061957104
2.8,0.05,1.0,int,6.0,101,-12.835101794466327,0.07388682434516038,0.9999855871239931,49.946415214901485,62.93248317077587,,,,False,0.07388682434516038,abi/ym_k1_a2.800_circ_az2seed_v0.0500_sp6.0_eps0.15_nkz0_bp14_hd5e-05_recorr,0.0794416981480127,0.9300760943893381,0.06992390561066182
1.1,0.05,2.0,int,12.0,101,-12.714520940156246,0.11421889929074727,0.9999929741392295,79.91426434384238,92.90033229971677,0.11378409395074623,80.9131926481404,95.89711721261084,True,0.11378409395074623,t130/ym_k2_a1.100_circ_az2seed_v0.0500_sp12.0_eps0.15_nkz0_nkz1to1_bp14_hd5e-05_recorr,0.1172928305835078,0.9700856683626244,0.0299143316373756
1.2,0.05,2.0,int,14.0,101,-12.758026452376171,0.11987127599629034,0.9999928618161471,76.91747943094828,89.90354738682267,0.11945987874364945,77.91640773524631,92.90033229971677,True,0.11945987874364945,t126/ym_k2_a1.200_circ_az2seed_v0.0500_sp14.0_eps0.15_nkz0_nkz1to1_bp14_hd5e-05_recorr,0.1232146914271721,0.9695262582730081,0.030473741726991948
1.5,0.05,2.0,int,10.0,101,-12.869598283079153,0.11072746580191936,0.9999861102642047,63.93141147507389,76.91747943094828,0.11106701277094352,65.92926808366995,78.91533603954434,True,0.11106701277094352,abi/ym_k2_a1.500_circ_az2seed_v0.0500_sp10.0_eps0.15_nkz0_nkz1to1_bp14_hd5e-05_recorr,0.1228967339951192,0.9037425907132285,0.09625740928677154
1.7,0.05,2.0,int,8.0,101,-12.932179836573226,0.1078356642689739,0.9999921431525142,65.92926808366995,78.91533603954434,0.10841221655892798,66.92819638796799,81.91212095243843,True,0.10841221655892798,abi/ym_k2_a1.700_circ_az2seed_v0.0500_sp8.0_eps0.15_nkz0_nkz1to1_bp14_hd5e-05_recorr,0.1198732501186616,0.9043903994561887,0.0956096005438113
1.8,0.05,2.0,int,8.0,101,-12.960758961919366,0.1096081083603817,0.9999916750444781,64.93033977937192,77.91640773524631,0.11038715460570336,65.92926808366995,81.91212095243843,True,0.11038715460570336,t126/ym_k2_a1.800_circ_az2seed_v0.0500_sp8.0_eps0.15_nkz0_nkz1to1_bp14_hd5e-05_recorr,0.12175329942422,0.9066461042758763,0.09335389572412366
1.9,0.05,2.0,int,8.0,101,-12.987792587782002,0.11127502737310754,0.9999908715739987,64.93033977937192,77.91640773524631,0.11197934565866031,65.92926808366995,80.9131926481404,True,0.11197934565866031,t130/ym_k2_a1.900_circ_az2seed_v0.0500_sp8.0_eps0.15_nkz0_nkz1to1_bp14_hd5e-05_recorr,0.1235212937536767,0.9065590414067953,0.09344095859320471
2.1,0.05,2.0,int,10.0,101,-13.037834412237872,0.12076608360426841,0.9999841446923408,59.935698257881775,72.92176621375616,0.12148673480435658,58.93676995358375,75.91855112665026,True,0.12148673480435658,abi/ym_k2_a2.100_circ_az2seed_v0.0500_sp10.0_eps0.15_nkz0_nkz1to1_bp14_hd5e-05_recorr,0.1335627869195574,0.9095852041296951,0.0904147958703049
2.2,0.05,2.0,int,9.0,101,-13.061094275677286,0.11940894179833313,0.9999887421166785,60.93462656217981,73.92069451805419,0.12043484004279532,58.93676995358375,77.91640773524631,True,0.12043484004279532,abi/ym_k2_a2.200_circ_az2seed_v0.0500_sp9.0_eps0.15_nkz0_nkz1to1_bp14_hd5e-05_recorr,0.1320554363844224,0.9120021359226838,0.08799786407731625
2.3,0.05,2.0,int,8.0,101,-13.083320080106494,0.11702104469671788,0.999990707498908,61.93355486647784,74.91962282235222,0.1196410045324171,63.93141147507389,85.90783416963055,True,0.1196410045324171,abi/ym_k2_a2.300_circ_az2seed_v0.0500_sp8.0_eps0.15_nkz0_nkz1to1_bp14_hd5e-05_recorr,0.1296313227335546,0.9229328376007419,0.07706716239925812
2.6,0.05,2.0,int,7.0,101,-13.144621483064398,0.11589816118349029,0.999993597792249,62.93248317077587,75.91855112665026,0.1177796831286039,63.93141147507389,85.90783416963055,True,0.1177796831286039,abi/ym_k2_a2.600_circ_az2seed_v0.0500_sp7.0_eps0.15_nkz0_nkz1to1_bp14_hd5e-05_recorr,0.1284867324556873,0.9166680549622034,0.0833319450377966
1.6,0.05,3.0,int,9.0,101,-13.104600161138485,0.13456738421733352,0.9999950165778257,62.93248317077587,75.91855112665026,0.13356815278753573,62.93248317077587,82.91104925673646,True,0.13356815278753573,abi/ym_k3_a1.600_circ_az2seed_v0.0500_sp9.0_eps0.15_nkz0_nkz1to2_bp14_hd5e-05_recorr,0.1376817927644932,0.9701221207658597,0.029877879234140318
1.7,0.05,3.0,int,14.0,70,-13.134912399677212,0.14498784958965802,0.9999979754304366,60.93462651850106,68.92605294715693,,,,False,0.14498784958965802,abi/ym_k3_a1.700_circ_az2seed_v0.0500_sp14.0_eps0.15_nkz0_nkz1to2_bp14_hd5e-05_recorr,0.1499223949969397,0.9670860020120249,0.032913997987975174
1.9,0.05,3.0,int,14.0,59,-13.19052503443687,0.13685376137416377,0.999990626470753,48.94748685648743,54.94105667564916,,,,False,0.13685376137416377,t130/ym_k3_a1.900_circ_az2seed_v0.0500_sp14.0_eps0.15_nkz0_nkz1to2_bp14_hd5e-05_recorr,0.1548102522882249,0.8840096786314267,0.11599032136857335
2.0,0.05,3.0,int,10.0,101,-13.21617188239597,0.14631368163854053,0.9999928616175512,59.935698257881775,72.92176621375616,0.14555296477090157,59.935698257881775,76.91747943094828,True,0.14555296477090157,abi/ym_k3_a2.000_circ_az2seed_v0.0500_sp10.0_eps0.15_nkz0_nkz1to2_bp14_hd5e-05_recorr,0.1506834970702777,0.9659515978914182,0.034048402108581836
2.2,0.05,3.0,int,9.0,101,-13.263826922997843,0.14784680759126126,0.9999934860112264,58.93676995358375,71.92283790945814,0.14712643768643335,59.935698257881775,75.91855112665026,True,0.14712643768643335,abi/ym_k3_a2.200_circ_az2seed_v0.0500_sp9.0_eps0.15_nkz0_nkz1to2_bp14_hd5e-05_recorr,0.1521250089457572,0.9671416863409608,0.03285831365903929
2.3,0.05,3.0,int,10.0,87,-13.286052744440276,0.1524096023732359,0.999995790799541,58.93676992299135,69.924981264566,0.1513342177827695,58.93676992299135,74.91962278346357,True,0.1513342177827695,abi/ym_k3_a2.300_circ_az2seed_v0.0500_sp10.0_eps0.15_nkz0_nkz1to2_bp14_hd5e-05_recorr,0.1570160612273983,0.9638136162618417,0.03618638373815832
2.7,0.05,3.0,int,9.0,86,-13.36622398778202,0.1566622932186266,0.9999952657033316,57.9378416203843,68.92605296218132,0.15599751767487158,57.9378416203843,71.9228378735805,True,0.15599751767487158,abi/ym_k3_a2.700_circ_az2seed_v0.0500_sp9.0_eps0.15_nkz0_nkz1to2_bp14_hd5e-05_recorr,0.1614284168610674,0.9663572294655537,0.033642770534446254
1.4,0.05,4.0,int,8.0,101,-13.181675285148065,0.12816719101576862,0.9999973664444658,61.93355486647784,74.91962282235222,0.1294281848200233,56.93891334498769,83.9099775610345,True,0.1294281848200233,abi/ym_k4_a1.400_circ_az2seed_v0.0500_sp8.0_eps0.15_nkz0_nkz1to3_bp14_hd5e-05_recorr,0.1329348376325666,0.9736212653131925,0.02637873468680751
1.7,0.05,4.0,int,8.0,101,-13.278753283142867,0.1373322096579903,0.9999966258445044,59.935698257881775,72.92176621375616,0.13847466313375775,54.94105673639163,79.91426434384238,True,0.13847466313375775,t130/ym_k4_a1.700_circ_az2seed_v0.0500_sp8.0_eps0.15_nkz0_nkz1to3_bp14_hd5e-05_recorr,0.1429677336715451,0.9685728351257931,0.03142716487420696
2.6,0.05,4.0,int,12.0,50,-13.491194980513505,0.15330776039509628,0.9999931526334968,40.95606049074986,45.950702014012045,,,,False,0.15330776039509628,abi/ym_k4_a2.600_circ_az2seed_v0.0500_sp12.0_eps0.15_nkz0_nkz1to3_bp14_hd5e-05_recorr,0.1757534096698082,0.8722889682943786,0.12771103170562134
2.7,0.05,4.0,int,12.0,47,-13.510065305446517,0.15508891802093905,0.9999955020341433,40.95606049610679,45.95070202002225,,,,False,0.15508891802093905,abi/ym_k4_a2.700_circ_az2seed_v0.0500_sp12.0_eps0.15_nkz0_nkz1to3_bp14_hd5e-05_recorr,0.1778440557314903,0.8720500518448192,0.12794994815518076
1.7,0.05,5.0,int,8.0,101,-13.390325125923825,0.13525846445841894,0.9999987916810209,49.946415214901485,64.93033977937192,0.13722047786736308,51.94427182349754,80.9131926481404,True,0.13722047786736308,t126/ym_k5_a1.700_circ_az2seed_v0.0500_sp8.0_eps0.15_nkz0_nkz1to4_bp14_hd5e-05_recorr,0.1436145941812081,0.9554772525013918,0.04452274749860818
2.7,0.05,6.0,int,9.0,82,-13.712797734162205,0.16146731014536705,0.9999990345286484,57.93784159965156,67.92712463407425,0.15414174290468227,32.96463401359485,56.93891329620929,True,0.15414174290468227,abi/ym_k6_a2.700_circ_az2seed_v0.0500_sp9.0_eps0.15_nkz0_nkz1to5_bp14_hd5e-05_recorr,0.1740497232036161,0.8856190062672836,0.11438099373271642
2.1,0.05,7.0,int,10.0,99,-13.664215897511715,0.13557100477803263,0.9999997511354817,71.92283786206897,83.90997750574712,0.13429217354518624,49.946415181992336,89.90354732758621,True,0.13429217354518624,abi/ym_k7_a2.100_circ_az2seed_v0.0500_sp10.0_eps0.15_nkz0_nkz1to6_bp14_hd5e-05_recorr,0.1547635090606158,0.8677250494015898,0.1322749505984102
2.8,0.05,7.0,int,8.0,101,-13.808056912316175,0.15072308206078508,0.9999997333370145,63.93141147507389,76.91747943094828,0.1503679907698957,57.93784164928572,80.9131926481404,True,0.1503679907698957,abi/ym_k7_a2.800_circ_az2seed_v0.0500_sp8.0_eps0.15_nkz0_nkz1to6_bp14_hd5e-05_recorr,0.17091541620198,0.8797801515586968,0.12021984844130319
2.7,0.05,8.0,int,9.0,85,-13.856639009003985,0.13858748029155143,0.9999998874865891,72.92176614918574,82.91104918332078,0.13671593565429807,45.95070195702115,83.90997748673428,True,0.13671593565429807,abi/ym_k8_a2.700_circ_az2seed_v0.0500_sp9.0_eps0.15_nkz0_nkz1to7_bp14_hd5e-05_recorr,0.1661535712323336,0.8228287519810652,0.1771712480189348
0.9,0.1,1.0,int,10.0,101,-11.92103818237011,0.10759107019418997,0.9999991447362102,71.92283790945814,84.90890586533251,0.1079028626801708,66.92819638796799,85.90783416963055,True,0.1079028626801708,abi/ym_k1_a0.900_circ_az2seed_v0.1000_sp10.0_eps0.15_nkz0_bp14_hd5e-05_recorr,0.1190654421040358,0.9062483687406839,0.09375163125931602
0.7,0.1,2.0,int,9.0,101,-12.141954667265365,0.14891468109541162,0.9999993492494786,56.93891334498769,69.92498130086207,0.14861026176783962,54.94105673639163,71.92283790945814,True,0.14861026176783962,abi/ym_k2_a0.700_circ_az2seed_v0.1000_sp9.0_eps0.15_nkz0_nkz1to1_bp14_hd5e-05_recorr,0.1503538111225637,0.9884036903241328,0.011596309675867195
1.3,0.1,2.0,int,8.0,92,-12.451474238652025,0.1707536934413335,0.9999849602386849,50.94534350808525,61.93355485296637,,,,False,0.1707536934413335,abi/ym_k2_a1.300_circ_az2seed_v0.1000_sp8.0_eps0.15_nkz0_nkz1to1_bp14_hd5e-05_recorr,0.1762305009431689,0.9689224766852275,0.03107752331477256
1.8,0.1,2.0,int,8.0,67,-12.614185383654688,0.1702913260994026,0.9999900325027071,39.95713218548836,47.94855862258603,0.17142091451403335,38.95820388085114,49.94641523186044,True,0.17142091451403335,abi/ym_k2_a1.800_circ_az2seed_v0.1000_sp8.0_eps0.15_nkz0_nkz1to1_bp14_hd5e-05_recorr,0.1905147785857308,0.8997775174532967,0.10022248254670327
1.4,0.1,3.0,int,8.0,79,-12.691260732239586,0.1971283079257328,0.9999995826717893,39.95713213892873,48.94748687018769,0.19854674902824282,39.95713213892873,54.941056691027,True,0.19854674902824282,abi/ym_k3_a1.400_circ_az2seed_v0.1000_sp8.0_eps0.15_nkz0_nkz1to2_bp14_hd5e-05_recorr,0.2015298911735821,0.9851975201893507,0.014802479810649253
1.8,0.1,3.0,int,8.0,65,-12.816918073079211,0.21427169688228678,0.9999997354274894,38.9582038826601,47.94855862481244,0.21487727176123933,38.9582038826601,51.9442718435468,True,0.21487727176123933,abi/ym_k3_a1.800_circ_az2seed_v0.1000_sp8.0_eps0.15_nkz0_nkz1to2_bp14_hd5e-05_recorr,0.2197259634805022,0.9779330050829741,0.0220669949170259
1.4,0.1,5.0,int,8.0,101,-12.946673590980257,0.19384903910153128,0.9999999407341104,41.95498878051725,54.94105673639163,0.1925321690362719,31.965705737536947,58.93676995358375,True,0.1925321690362719,abi/ym_k5_a1.400_circ_az2seed_v0.1000_sp8.0_eps0.15_nkz0_nkz1to4_bp14_hd5e-05_recorr,0.2016078246934367,0.9549836139992822,0.04501638600071776
2.0,0.1,6.0,int,8.0,53,-13.216171863381247,0.21663236376321307,0.9999998945870264,45.95070194985594,51.94427176940236,0.21436966205565292,32.964634007505346,51.94427176940236,True,0.21436966205565292,abi/ym_k6_a2.000_circ_az2seed_v0.1000_sp8.0_eps0.15_nkz0_nkz1to5_bp14_hd5e-05_recorr,0.2301240399239928,0.9315396258750569,0.06846037412494309
2.0,0.1,7.0,int,8.0,53,-13.29324725747158,0.19707638113262727,0.9999984416052896,45.95070200868872,51.94427183590898,0.1879061135489899,27.969992527027912,39.957132181468445,True,0.1879061135489899,abi/ym_k7_a2.000_circ_az2seed_v0.1000_sp8.0_eps0.15_nkz0_nkz1to6_bp14_hd5e-05_recorr,0.2217057517384805,0.8475473102323482,0.15245268976765186
