kz,alpha,V0,eps,xi_sponge,gamma_chased
3.0,1.7,0.03,0.15,8.0,0.09682671537501743
3.0,1.7,0.05,0.15,14.0,0.14992239499693974
3.0,1.8,0.1,0.15,8.0,0.21972596348050222
3.0,2.0,0.05,0.15,10.0,0.1506834970702777
2.0,2.6,0.03,0.15,10.0,0.09970819822619298
2.0,2.6,0.05,0.15,7.0,0.12848673245568737
3.0,1.4,0.1,0.15,8.0,0.20152989117358217
3.0,1.6,0.05,0.15,9.0,0.13768179276449327
2.0,1.7,0.05,0.15,8.0,0.11987325011866164
2.0,1.8,0.1,0.15,8.0,0.1905147785857308
2.0,2.1,0.05,0.15,10.0,0.13356278691955742
2.0,2.2,0.05,0.15,9.0,0.1320554363844224
1.0,0.9,0.1,0.15,10.0,0.11906544210403586
1.0,1.6,0.03,0.15,8.0,0.05775964414873937
1.0,1.7,0.03,0.15,8.0,0.058536101060419066
1.0,2.1,0.03,0.15,8.0,0.061102403289139975
2.0,1.3,0.1,0.15,8.0,0.17623050094316892
2.0,1.5,0.05,0.15,10.0,0.12289673399511929
2.0,1.6,0.03,0.15,18.0,0.09639246886715794
2.0,1.7,0.03,0.15,14.0,0.09519148935752593
1.0,2.7,0.01,0.15,14.0,0.03586321354061269
1.0,2.7,0.03,0.15,8.0,0.06366221177270025
1.0,2.8,0.05,0.15,6.0,0.07944169814801275
2.0,0.7,0.1,0.15,9.0,0.15035381112256374
1.0,2.1,0.05,0.15,5.0,0.07129494504364817
1.0,2.3,0.01,0.15,18.0,0.03669710916218418
1.0,2.3,0.03,0.15,8.0,0.0621093820013894
1.0,2.6,0.03,0.15,8.0,0.06332757002329636
3.0,2.2,0.05,0.15,9.0,0.15212500894575728
3.0,2.3,0.05,0.15,10.0,0.1570160612273983
3.0,2.4,0.03,0.15,18.0,0.11889536831509555
3.0,2.6,0.03,0.15,14.0,0.11961730212506885
6.0,2.8,0.03,0.15,8.0,0.12589918143520973
7.0,2.0,0.1,0.15,8.0,0.2217057517384805
7.0,2.1,0.05,0.15,10.0,0.1547635090606158
7.0,2.8,0.03,0.15,8.0,0.12501337945585916
5.0,2.7,0.03,0.15,8.0,0.12336941135764985
5.0,3.0,0.02,0.15,8.0,0.09774018195583334
6.0,2.0,0.1,0.15,8.0,0.23012403992399286
6.0,2.7,0.05,0.15,9.0,0.17404972320361617
4.0,2.6,0.05,0.15,12.0,0.17575340966980826
4.0,2.7,0.05,0.15,12.0,0.17784405573149037
4.0,3.0,0.02,0.15,8.0,0.09389386123937646
5.0,1.4,0.1,0.15,8.0,0.2016078246934367
7.0,2.8,0.05,0.15,8.0,0.17091541620198006
8.0,2.5,0.03,0.15,8.0,0.11727229848243347
8.0,2.7,0.05,0.15,9.0,0.1661535712323336
1.0,0.7,0.05,0.15,12.0,0.07793657786779655
3.0,2.7,0.05,0.15,9.0,0.1614284168610674
3.0,3.0,0.02,0.15,8.0,0.08666382268392543
4.0,1.4,0.05,0.15,8.0,0.13293483763256664
4.0,2.2,0.03,0.15,8.0,0.11191883346077267
2.0,2.3,0.05,0.15,8.0,0.1296313227335546
2.0,2.4,0.01,0.15,22.0,0.05011073069142402
2.0,2.4,0.03,0.15,10.0,0.09781206808220394
2.0,2.6,0.01,0.15,22.0,0.05106819537319093
6.0,2.6,0.03,0.15,8.0,0.12243647797446444
6.0,2.9,0.03,0.15,8.0,0.1275590967301069
7.0,2.4,0.03,0.15,8.0,0.11750903512415994
7.0,3.0,0.02,0.15,8.0,0.0995947733500806
5.0,1.7,0.05,0.15,8.0,0.14361459418120817
5.0,2.2,0.03,0.15,8.0,0.11469479751740334
5.0,2.4,0.03,0.15,8.0,0.11833670003332686
5.0,2.5,0.03,0.15,8.0,0.1200677491191732
2.0,2.8,0.03,0.15,8.0,0.09621188092690885
3.0,1.9,0.03,0.15,8.0,0.10025117646199465
3.0,2.3,0.03,0.15,18.0,0.11758983582780444
3.0,2.9,0.03,0.15,14.0,0.12307014292887204
2.0,1.2,0.05,0.15,14.0,0.12321469142717213
2.0,1.4,0.03,0.15,11.0,0.08677173554972697
2.0,1.8,0.05,0.15,8.0,0.12175329942422002
2.0,2.5,0.01,0.15,22.0,0.050598516899257505
1.0,1.0,0.05,0.15,14.0,0.086566632946054
1.0,1.8,0.03,0.15,8.0,0.059254525119297845
1.0,2.6,0.01,0.15,18.0,0.03757061352980697
1.0,2.9,0.01,0.15,14.0,0.03638216423918194
1.0,2.8,0.03,0.15,8.0,0.063963253398354
2.0,1.1,0.05,0.15,12.0,0.11729283058350783
2.0,1.9,0.03,0.15,14.0,0.09780639104935361
2.0,1.9,0.05,0.15,8.0,0.12352129375367676
3.0,1.9,0.05,0.15,14.0,0.15481025228822495
4.0,1.7,0.05,0.15,8.0,0.14296773367154514
4.0,2.4,0.03,0.15,8.0,0.11518673299901923
4.0,2.5,0.03,0.15,22.0,0.12704940622372193
4.0,2.6,0.03,0.15,8.0,0.11823454401147022
5.0,2.1,0.03,0.15,8.0,0.11277479139125356
5.0,2.9,0.03,0.15,8.0,0.1264786567928586
6.0,3.0,0.02,0.15,8.0,0.09939868984651216
2.0,2.3,0.01,0.15,22.0,0.04960351786717914
2.0,2.3,0.03,0.15,10.0,0.09679694902789257
2.0,2.5,0.03,0.15,10.0,0.09878154471250884
3.0,1.6,0.03,0.15,8.0,0.09498537237633331
8.0,2.9,0.03,0.15,8.0,0.12480551923546139
1.0,1.2,0.03,0.15,10.0,0.05865471190800872
1.0,1.3,0.03,0.15,10.0,0.05971772653787923
1.0,1.4,0.03,0.15,10.0,0.060682927879077225
1.0,1.7,0.01,0.15,22.0,0.03559658767280225
1.0,1.8,0.05,0.15,6.0,0.07473955676474232
1.0,1.9,0.01,0.15,22.0,0.03641357727935547
1.0,2.5,0.01,0.15,18.0,0.037294860591776766
4.0,2.7,0.03,0.15,8.0,0.11968490337475178
5.0,2.3,0.03,0.15,8.0,0.11654715381423893
5.0,2.8,0.03,0.15,8.0,0.12494662984736402
6.0,2.2,0.03,0.15,8.0,0.11484835278749465
3.0,2.7,0.03,0.15,14.0,0.12081285988626689
3.0,2.8,0.03,0.15,14.0,0.12196291340784085
4.0,1.9,0.03,0.15,8.0,0.10652471445720817
4.0,2.3,0.03,0.15,8.0,0.11358229975904405
6.0,2.4,0.03,0.15,8.0,0.11876270269802705
6.0,2.7,0.03,0.15,8.0,0.12419259606183257
1.0,1.1,0.03,0.15,10.0,0.057481672038868045
1.0,1.1,0.05,0.15,9.0,0.07862584602493339
1.0,2.2,0.01,0.15,18.0,0.03637313455191622
1.0,2.2,0.03,0.15,8.0,0.061626667902242055
1.0,2.4,0.03,0.15,8.0,0.06255261262435141
2.0,1.8,0.03,0.15,14.0,0.0965386549557471
7.0,2.5,0.03,0.15,8.0,0.1194659496087172
8.0,2.6,0.03,0.15,8.0,0.11923016413351004
8.0,2.7,0.03,0.15,8.0,0.12113641436163639
1.0,0.9,0.03,0.15,14.0,0.0607139846252954
3.0,2.2,0.03,0.15,18.0,0.11622326868652215
3.0,2.8,0.01,0.15,22.0,0.05814953262947058
3.0,2.9,0.01,0.15,22.0,0.058676580955064964
3.0,3.0,0.01,0.15,22.0,0.0591877180903172
2.0,2.2,0.01,0.15,22.0,0.049075400041158776
2.0,2.7,0.03,0.15,8.0,0.095343504541272
2.0,2.8,0.01,0.15,22.0,0.05195783978327643
3.0,2.7,0.01,0.15,22.0,0.05760556096515405
4.0,1.8,0.03,0.15,8.0,0.10457207268355163
4.0,2.1,0.03,0.15,8.0,0.11019169715868399
4.0,2.9,0.03,0.15,8.0,0.12245343958415662
7.0,2.3,0.03,0.15,8.0,0.11549228713000198
1.0,1.5,0.03,0.15,8.0,0.05691994781849442
1.0,1.8,0.01,0.15,22.0,0.03601831120441712
1.0,1.9,0.03,0.15,8.0,0.059919312569355024
1.0,2.0,0.01,0.15,22.0,0.036784517910605316
1.0,2.5,0.03,0.15,8.0,0.06295815519739313
1.0,3.0,0.02,0.15,13.0,0.056283280171717895
2.0,2.1,0.03,0.15,10.0,0.09461671141438546
2.0,2.9,0.03,0.15,8.0,0.09704728743242898
3.0,2.0,0.02,0.15,9.0,0.07900942637871683
3.0,2.1,0.03,0.15,8.0,0.10338106320903336
3.0,2.5,0.03,0.15,18.0,0.12014422311172585
4.0,2.8,0.03,0.15,8.0,0.12109030579915381
5.0,2.6,0.03,0.15,8.0,0.12174416234229396
6.0,2.3,0.03,0.15,8.0,0.11683769702710696
7.0,2.6,0.03,0.15,8.0,0.12136677537563294
7.0,2.7,0.03,0.15,8.0,0.12321489585942803
1.0,1.0,0.03,0.15,14.0,0.0621279350155592
1.0,1.6,0.01,0.15,22.0,0.03514591979701366
1.0,2.1,0.01,0.15,22.0,0.03713297493723362
1.0,2.4,0.01,0.15,18.0,0.037004002449603814
1.0,2.8,0.01,0.15,14.0,0.036128393753413916
1.0,3.0,0.01,0.15,14.0,0.03662509639158568
2.0,1.3,0.03,0.15,22.0,0.09284486139539537
2.0,2.0,0.03,0.15,14.0,0.09900131630743775
2.0,2.2,0.03,0.15,10.0,0.09573302128988187
2.0,2.7,0.01,0.15,22.0,0.05152094826330317
2.0,2.9,0.01,0.15,22.0,0.052379831841539326
3.0,1.8,0.03,0.15,8.0,0.09857921360803679
5.5,1.9,0.01,0.15,8.0,0.05344983294114892
5.5,1.9,0.03,0.15,8.0,0.10880876687380245
5.5,2.0,0.03,0.15,8.0,0.11095888779210872
5.5,2.0,0.1,0.15,8.0,0.23366658454219147
6.5,0.9,0.2,0.15,8.0,0.22509790689046016
6.5,1.0,0.1,0.15,8.0,0.16122967437302863
6.5,1.3,0.03,0.15,8.0,0.09198337973496033
6.5,1.3,0.1,0.15,8.0,0.18341316548307443
5.5,1.7,0.03,0.15,8.0,0.10423829386782787
5.5,1.7,0.2,0.15,8.0,0.33350828126458454
5.5,1.8,0.05,0.15,8.0,0.1461023504543723
5.5,1.8,0.2,0.15,8.0,0.3435093285710049
5.5,2.6,0.03,0.15,8.0,0.12236587422874787
5.5,2.7,0.1,0.15,8.0,0.26672559385880834
6.5,0.5,0.2,0.15,8.0,0.16531871036537674
6.5,0.8,0.2,0.15,8.0,0.211451644888211
5.5,2.1,0.05,0.15,8.0,0.15562012629547203
5.5,2.1,0.2,0.15,8.0,0.3712631316503586
5.5,2.3,0.05,0.15,8.0,0.16141991851401957
5.5,2.4,0.05,0.15,8.0,0.16417828433594014
5.5,1.5,0.05,0.15,8.0,0.13536658832539905
5.5,1.6,0.03,0.15,8.0,0.1018005419015302
5.5,1.6,0.1,0.15,8.0,0.2109344242879302
5.5,1.6,0.2,0.15,8.0,0.3231302398886727
5.5,1.1,0.03,0.15,8.0,0.08758233999732452
5.5,1.2,0.05,0.15,8.0,0.12301589403342264
5.5,1.4,0.05,0.15,8.0,0.13145458787928924
5.5,1.5,0.03,0.15,8.0,0.09924715128033126
5.5,0.4,0.2,0.15,8.0,0.1563882078695457
5.5,0.6,0.1,0.15,8.0,0.13189545006489162
5.5,0.6,0.2,0.15,8.0,0.19285583979402993
5.5,0.8,0.2,0.15,8.0,0.22413409376975701
6.5,2.2,0.1,0.15,8.0,0.2365939829410285
6.5,2.2,0.2,0.15,8.0,0.3659159380867106
6.5,2.3,0.03,0.15,8.0,0.11632056795448448
6.5,2.3,0.05,0.15,8.0,0.15887191267009848
6.5,1.3,0.2,0.15,8.0,0.2743682902138367
6.5,1.4,0.2,0.15,8.0,0.2856759057069371
6.5,1.6,0.03,0.15,8.0,0.10037346101272866
6.5,1.6,0.1,0.15,8.0,0.2029658890468485
6.5,2.4,0.05,0.15,8.0,0.16177168035400508
6.5,2.7,0.01,0.15,8.0,0.061076648567234014
6.5,2.9,0.03,0.15,8.0,0.12734560567298822
6.5,3.0,0.03,0.15,8.0,0.12901132915798397
6.5,3.0,0.1,0.15,8.0,0.2735275706031782
6.5,3.0,0.2,0.15,8.0,0.4294023934853458
7.5,0.8,0.1,0.15,8.0,0.13741511547446653
7.5,0.8,0.2,0.15,8.0,0.1999625754245855
6.5,2.0,0.1,0.15,8.0,0.22606051997710044
6.5,2.1,0.03,0.15,8.0,0.1121707768852768
6.5,2.1,0.1,0.15,8.0,0.23140280304748756
6.5,2.1,0.2,0.15,8.0,0.3567819050687583
7.5,0.9,0.1,0.15,8.0,0.14576346207119426
7.5,1.0,0.2,0.15,8.0,0.22526483542424358
7.5,1.1,0.05,0.15,9.0,0.11175920604027506
7.5,1.4,0.05,0.15,8.0,0.12344780278517725
6.5,1.7,0.1,0.15,8.0,0.20902379640101196
6.5,1.9,0.1,0.15,8.0,0.22055751563182321
6.5,1.9,0.2,0.15,8.0,0.33776910111247166
6.5,2.0,0.03,0.15,8.0,0.1099868866837056
7.5,1.4,0.2,0.15,8.0,0.2706004707978099
7.5,1.5,0.05,0.15,7.0,0.12511190949008907
7.5,1.5,0.1,0.15,8.0,0.1882064162890021
7.5,1.7,0.05,0.15,8.0,0.13502305205575685
7.5,2.5,0.05,0.15,8.0,0.16069156138157
7.5,2.6,0.01,0.15,8.0,0.060641451818949636
7.5,2.7,0.01,0.15,8.0,0.06146157163218574
7.5,2.8,0.03,0.15,8.0,0.12411126969262548
7.5,2.3,0.03,0.15,8.0,0.11442796442972716
7.5,2.3,0.05,0.15,8.0,0.15483558310058101
7.5,2.4,0.03,0.15,8.0,0.11647612495740593
7.5,2.5,0.03,0.15,8.0,0.11846504863601912
7.5,1.8,0.1,0.15,8.0,0.20612698512355632
7.5,1.9,0.05,0.15,8.0,0.14205636370699562
7.5,1.9,0.1,0.15,8.0,0.21175077548433632
7.5,2.1,0.2,0.15,8.0,0.3398563152476789
1.0,0.3,0.05,0.15,14.0,0.06541232823776909
0.5,0.3,0.05,0.15,8.0,0.03557811780593957
1.0,0.4,0.01,0.15,14.0,0.022465585918150417
0.5,0.5,0.05,0.15,10.0,0.0446406995668221
1.0,0.5,0.05,0.15,8.0,0.060983958549212104
0.5,0.6,0.01,0.15,22.0,0.01980869238037693
0.5,0.6,0.05,0.15,8.0,0.042457314267290776
0.5,0.6,0.1,0.15,14.0,0.045334308954472394
0.5,0.6,0.2,0.15,13.0,0.5096822093727591
0.5,0.7,0.01,0.15,22.0,0.02048482104103555
0.5,0.7,0.05,0.15,9.0,0.04563591959964521
0.5,0.8,0.03,0.15,8.0,0.03150358864819086
0.5,0.9,0.03,0.15,8.0,0.03231516902204019
1.0,0.9,0.2,0.15,8.0,0.13508163239184798
0.5,1.1,0.2,0.15,10.0,0.19585633678071526
0.5,1.3,0.1,0.15,12.0,0.12711707880557696
0.5,1.7,0.03,0.15,8.0,0.03540244195436807
0.5,1.8,0.05,0.15,6.0,0.043296372399500446
1.0,1.8,0.1,0.15,8.0,0.0999706582174777
0.5,1.9,0.1,0.15,10.0,0.20926597766080035
1.0,2.1,0.1,0.15,8.0,0.074192047967398
1.0,2.3,0.1,0.15,8.0,0.09619778006233388
1.0,2.4,0.2,0.15,8.0,0.23333890260716697
0.5,2.5,0.03,0.15,6.0,0.033473383701014325
0.5,2.0,0.03,0.15,8.0,0.035384095604352225
0.5,2.0,0.1,0.15,10.0,0.7134926277173124
0.5,2.1,0.01,0.15,8.0,0.01771141759610534
0.5,2.1,0.03,0.15,8.0,0.035249359885381096
1.0,2.5,0.1,0.15,8.0,0.14187480970305288
1.0,2.7,0.2,0.15,8.0,0.2535129147054596
0.5,2.7,0.2,0.15,8.0,0.3022501802220372
0.5,2.8,0.05,0.15,5.0,0.03838214077966408
2.0,0.7,0.03,0.15,14.0,0.07452521023959191
2.0,0.7,0.2,0.15,8.0,0.22574246901461548
2.0,0.9,0.2,0.15,8.0,0.24466663684437356
2.0,1.0,0.2,0.15,8.0,0.25122200138409456
0.5,3.0,0.03,0.15,6.0,0.033060657531992194
2.0,0.4,0.03,0.15,14.0,0.06260456598132533
2.0,0.5,0.03,0.15,14.0,0.06722101336550189
2.0,0.6,0.05,0.15,13.0,0.09925858922349123
2.0,1.1,0.2,0.15,8.0,0.2559453818722708
2.0,1.3,0.01,0.15,22.0,0.043007426222765655
2.0,1.4,0.01,0.15,22.0,0.04383791643431466
2.0,1.4,0.1,0.15,8.0,0.1797924121019401
2.0,1.6,0.2,0.15,8.0,0.250041992910352
2.0,1.8,0.01,0.15,22.0,0.0467169745297278
2.0,2.0,0.01,0.15,22.0,0.0479495650238521
2.0,2.3,0.1,0.15,8.0,0.19725039517998438
3.0,0.6,0.05,0.15,10.0,0.09944613173993722
3.0,0.6,0.1,0.15,8.0,0.1437069773354467
1.5,0.7,0.03,0.15,8.0,0.05745987903033334
3.0,0.9,0.05,0.15,9.0,0.11288888771255082
0.5,2.8,0.1,0.15,9.0,1.006071940108846
0.5,2.9,0.01,0.15,8.0,0.018868658418028997
1.0,2.9,0.1,0.15,8.0,0.4520376005284345
0.5,2.9,0.1,0.15,8.0,0.24190651119630585
0.5,1.4,0.03,0.15,8.0,0.03483099760444487
0.5,1.5,0.2,0.15,8.0,0.869220647244483
0.5,1.6,0.03,0.15,8.0,0.035279557820781945
0.5,1.6,0.1,0.15,11.0,0.20888368601795443
2.0,2.3,0.2,0.15,8.0,0.597123309569797
2.0,2.8,0.1,0.15,8.0,0.19711184990508968
2.0,2.8,0.2,0.15,8.0,0.2529203159324605
3.0,0.4,0.1,0.15,9.0,0.12480958532337859
1.5,1.3,0.03,0.15,14.0,0.07993775620752125
3.0,1.3,0.03,0.15,9.0,0.09132583508761319
1.5,1.3,0.1,0.15,8.0,0.15409426527542164
1.5,1.4,0.05,0.15,8.0,0.09987694767831484
3.0,0.9,0.2,0.15,8.0,0.26333290446421864
3.0,1.0,0.2,0.15,8.0,0.2753964178645544
1.5,1.0,0.2,0.15,8.0,0.21254690633526227
3.0,1.1,0.2,0.15,8.0,0.28625082498416277
1.5,1.1,0.2,0.15,8.0,0.20960575896685074
1.5,1.2,0.01,0.15,22.0,0.03858068801736576
3.0,1.2,0.03,0.15,10.0,0.09090512857221528
1.5,1.3,0.01,0.15,22.0,0.03934974831642655
3.0,2.2,0.01,0.15,22.0,0.0545881531323479
3.0,2.3,0.1,0.15,8.0,0.2366369719907398
3.0,2.3,0.2,0.15,8.0,0.33200283677005404
1.5,2.5,0.1,0.15,8.0,0.14906060589754971
1.5,3.0,0.03,0.15,8.0,0.0841943225389945
1.5,3.0,0.2,0.15,8.0,0.24873297203980638
4.0,0.4,0.2,0.15,8.0,0.17138085964028238
4.0,0.6,0.03,0.15,12.0,0.0744870693729969
1.5,1.6,0.1,0.15,8.0,0.15879979612477507
3.0,1.9,0.01,0.15,22.0,0.052479786393027694
3.0,2.1,0.1,0.15,8.0,0.2305390213019795
3.0,2.1,0.2,0.15,8.0,0.3356373801122381
3.0,2.6,0.01,0.15,22.0,0.057043549227266094
1.5,2.6,0.05,0.15,5.0,0.09645967372414004
1.5,2.6,0.2,0.15,8.0,0.23084668175101128
3.0,2.7,0.2,0.15,8.0,0.29546648071068154
4.0,0.6,0.1,0.15,8.0,0.1411880401671242
4.0,0.8,0.05,0.15,8.0,0.10647872207215606
4.0,0.8,0.2,0.15,8.0,0.24318223922199297
4.0,1.1,0.05,0.15,8.0,0.12106768989089288
4.0,2.1,0.01,0.15,22.0,0.05683699539723221
4.0,2.1,0.1,0.15,8.0,0.24176218546997724
4.0,2.1,0.2,0.15,8.0,0.3729849870344288
4.0,2.4,0.01,0.15,22.0,0.05905534556233623
1.5,2.8,0.01,0.15,22.0,0.04692673929484862
1.5,2.8,0.05,0.15,6.0,0.10574777158496107
3.0,2.8,0.1,0.15,8.0,0.24857952971498695
1.5,2.9,0.2,0.15,8.0,0.24487919142916592
4.0,2.6,0.01,0.15,22.0,0.060407742001767434
4.0,2.7,0.01,0.15,22.0,0.06105115906721622
4.0,2.7,0.2,0.15,8.0,0.3931933211758612
4.0,2.8,0.1,0.15,8.0,0.2677520272578072
4.0,1.1,0.2,0.15,8.0,0.28446985669195096
4.0,1.3,0.05,0.15,8.0,0.12921568313969783
4.0,1.3,0.2,0.15,8.0,0.3078561145908474
4.0,1.6,0.1,0.15,8.0,0.21726068571112958
4.0,2.9,0.01,0.15,22.0,0.06227933723921353
4.0,2.9,0.2,0.15,8.0,0.3942174870968382
4.0,3.0,0.01,0.15,22.0,0.06286646792828006
4.0,3.0,0.2,0.15,8.0,0.3933876328122497
5.0,0.7,0.05,0.15,8.0,0.09848533977191685
5.0,0.7,0.1,0.15,8.0,0.1456395919541205
5.0,0.8,0.2,0.15,8.0,0.23072974655902123
2.5,0.9,0.05,0.15,9.0,0.10934106011646506
5.0,0.6,0.05,0.15,8.0,0.0919124747484007
5.0,0.6,0.2,0.15,8.0,0.19874050156907164
5.0,0.7,0.03,0.15,10.0,0.07582192397890673
2.5,0.7,0.05,0.15,11.0,0.10529738157605567
4.0,4.0,0.1,0.15,8.0,0.29647972677554535
5.0,0.3,0.1,0.15,8.0,0.09649518714768965
5.0,0.3,0.2,0.15,8.0,0.13922083132973959
5.0,0.4,0.1,0.15,8.0,0.11108985897559895
5.0,1.3,0.05,0.15,8.0,0.12865951069031667
2.5,1.3,0.05,0.15,8.0,0.11950132354979376
5.0,1.3,0.2,0.15,8.0,0.29692740408932355
2.5,1.4,0.01,0.15,22.0,0.04641940327209118
2.5,1.0,0.1,0.15,8.0,0.17271298519175976
5.0,1.0,0.2,0.15,8.0,0.2591481774186198
5.0,1.1,0.03,0.15,8.0,0.08813413590241306
2.5,1.1,0.2,0.15,8.0,0.2775215638012607
5.0,1.4,0.01,0.15,8.0,0.04773186899343463
2.5,1.4,0.03,0.15,10.0,0.0913107672388527
5.0,1.4,0.05,0.15,8.0,0.13267939180369498
2.5,1.5,0.09,0.15,8.0,0.18492972424671994
5.0,1.6,0.03,0.15,8.0,0.10194016174024884
5.0,1.7,0.01,0.15,8.0,0.050916360711091284
2.5,1.7,0.1,0.15,8.0,0.20555947903981253
5.0,1.7,0.2,0.15,8.0,0.340114275759291
5.0,2.0,0.01,0.15,8.0,0.0536853362840546
5.0,2.0,0.1,0.15,8.0,0.2363672238737329
2.5,2.1,0.1,0.15,8.0,0.21724848749419914
5.0,2.1,0.2,0.15,8.0,0.37585145410071386
5.0,2.2,0.01,0.15,22.0,0.05919200151155684
2.5,2.5,0.01,0.15,22.0,0.053973866945545346
2.5,2.5,0.1,0.15,8.0,0.22521595503931358
5.0,2.5,0.2,0.15,8.0,0.4040122226429871
5.0,1.8,0.2,0.15,8.0,0.34974238479821507
2.5,1.8,0.2,0.15,8.0,0.2992794101107029
2.5,1.9,0.01,0.15,22.0,0.050324563899944774
5.0,1.9,0.2,0.15,8.0,0.3589099953939042
6.0,0.6,0.03,0.15,10.0,0.06852225212592715
6.0,0.7,0.05,0.15,8.0,0.09488075111076408
6.0,0.9,0.05,0.15,8.0,0.10650391025538673
6.0,0.9,0.1,0.15,8.0,0.15683087797859238
6.0,1.0,0.2,0.15,8.0,0.24501557627741205
6.0,1.1,0.01,0.15,12.0,0.04605509038752871
6.0,1.2,0.2,0.15,8.0,0.2701228106526492
6.0,1.3,0.2,0.15,8.0,0.2820014180998371
2.5,3.0,0.2,0.15,8.0,0.3356807664223459
5.0,4.0,0.1,0.15,8.0,0.3100483263605676
6.0,0.4,0.2,0.15,8.0,0.15171996190401563
6.0,0.5,0.2,0.15,8.0,0.17025169082574673
5.0,2.8,0.2,0.15,8.0,0.41999378294566286
2.5,2.9,0.05,0.15,8.0,0.15092510959132432
2.5,3.0,0.03,0.15,10.0,0.11276567216318772
5.0,3.0,0.2,0.15,8.0,0.42819465403336543
6.0,2.4,0.2,0.15,8.0,0.3904245878365501
6.0,2.5,0.01,0.15,8.0,0.059103916868524356
6.0,2.5,0.2,0.15,8.0,0.39838486034948145
6.0,2.6,0.2,0.15,8.0,0.4060076192932203
6.0,2.0,0.01,0.15,8.0,0.05482254483672653
6.0,2.0,0.02,0.15,8.0,0.08583088854987146
6.0,2.1,0.2,0.15,8.0,0.36460461944271183
6.0,2.2,0.2,0.15,8.0,0.3735268437197355
6.0,1.6,0.01,0.15,8.0,0.050745356601047564
6.0,1.7,0.2,0.15,8.0,0.3258540800590066
6.0,1.8,0.2,0.15,8.0,0.33600025804072453
6.0,1.9,0.2,0.15,8.0,0.3458395043950807
2.5,2.6,0.05,0.15,7.0,0.14163456590501136
2.5,2.6,0.1,0.15,8.0,0.22669152437674017
2.5,2.7,0.2,0.15,8.0,0.7202875331413967
2.5,2.8,0.01,0.15,22.0,0.055512877030195446
3.5,0.6,0.1,0.15,8.0,0.14315473082958785
7.0,0.6,0.2,0.15,8.0,0.17667187677833937
7.0,0.7,0.05,0.15,9.0,0.09221723804437634
3.5,0.7,0.05,0.15,9.0,0.10371712869696018
6.0,2.8,0.2,0.15,8.0,0.42020335411255394
7.0,0.3,0.2,0.15,8.0,0.12352392541585955
7.0,0.4,0.2,0.15,8.0,0.1431708014960143
7.0,0.6,0.05,0.15,8.0,0.08444894673438297
3.5,0.7,0.1,0.15,8.0,0.1533037862661013
7.0,0.8,0.05,0.15,8.0,0.09684936751093232
7.0,0.8,0.2,0.15,8.0,0.20554332722233845
3.5,0.9,0.03,0.15,10.0,0.08423697147597424
7.0,1.4,0.03,0.15,8.0,0.09375479384770315
3.5,1.4,0.05,0.15,8.0,0.13135055373634447
3.5,1.5,0.03,0.15,8.0,0.09619839970046269
7.0,1.5,0.05,0.15,7.0,0.1271400137728631
7.0,0.9,0.05,0.15,8.0,0.1023832052382194
3.5,0.9,0.1,0.15,8.0,0.17097016746616034
3.5,1.0,0.03,0.15,10.0,0.08743686665557651
3.5,1.0,0.1,0.15,8.0,0.17877050484309803
3.5,1.1,0.2,0.15,8.0,0.28752470304867395
7.0,1.2,0.03,0.15,8.0,0.08767501230185826
7.0,1.2,0.2,0.15,8.0,0.255518051755395
3.5,1.3,0.05,0.15,8.0,0.12785389235722963
7.0,1.6,0.03,0.15,8.0,0.0992772564789329
3.5,1.6,0.03,0.15,8.0,0.09830578433680931
7.0,1.7,0.03,0.15,8.0,0.1018633049265946
7.0,1.7,0.2,0.15,8.0,0.3095644578098591
3.5,1.8,0.1,0.15,8.0,0.22551478957107265
3.5,1.8,0.2,0.15,8.0,0.34765071862931785
3.5,1.9,0.03,0.15,8.0,0.10403942498123947
7.0,1.9,0.2,0.15,8.0,0.3294079835582549
7.0,2.4,0.2,0.15,8.0,0.37536380826378724
3.5,2.5,0.01,0.15,22.0,0.058333105382781233
7.0,2.5,0.2,0.15,8.0,0.38394001174605874
7.0,2.6,0.1,0.15,8.0,0.25182309491702426
7.0,2.2,0.01,0.15,8.0,0.057088565010668196
3.5,2.3,0.1,0.15,8.0,0.24548259699067437
3.5,2.4,0.05,0.15,10.0,0.164460492188714
7.0,2.4,0.1,0.15,8.0,0.24228386245648065
3.5,2.0,0.05,0.15,8.0,0.14882305501970094
3.5,2.0,0.1,0.15,8.0,0.23415759177566164
3.5,2.0,0.2,0.15,8.0,0.357256665919789
3.5,2.1,0.03,0.15,8.0,0.10745735047508252
7.0,2.7,0.2,0.15,8.0,0.4004472885214921
7.0,2.8,0.01,0.15,8.0,0.06212145621671205
3.5,2.8,0.1,0.15,8.0,0.26069138405343484
7.0,2.8,0.2,0.15,8.0,0.4083637220575387
3.5,2.9,0.01,0.15,22.0,0.060717309737882294
7.0,2.9,0.01,0.15,8.0,0.06287647912781852
3.5,2.9,0.05,0.15,10.0,0.17408632344908426
3.5,2.9,0.1,0.15,8.0,0.2632536368497879
3.5,2.6,0.1,0.15,8.0,0.25510734887749736
3.5,2.6,0.2,0.15,8.0,0.3657067344287006
7.0,2.7,0.01,0.15,8.0,0.06134507620075385
3.5,2.7,0.03,0.15,18.0,0.12661531959262257
3.5,3.0,0.03,0.15,14.0,0.1287546103314465
3.5,3.0,0.05,0.15,7.0,0.16463127241458067
3.5,3.0,0.1,0.15,8.0,0.26567020157128823
8.0,0.3,0.2,0.15,8.0,0.11705153638207012
8.0,0.9,0.03,0.15,8.0,0.07446780490099854
8.0,0.9,0.05,0.15,8.0,0.09819447244609206
8.0,1.0,0.05,0.15,8.0,0.10328028465729118
8.0,1.0,0.2,0.15,8.0,0.21934238814802698
8.0,0.5,0.05,0.15,8.0,0.07385041731693098
8.0,0.5,0.2,0.15,8.0,0.15222254887785813
8.0,0.6,0.05,0.15,8.0,0.08071441419886333
8.0,0.7,0.05,0.15,9.0,0.08804790412290997
8.0,1.1,0.1,0.15,8.0,0.1574287984065953
8.0,1.2,0.05,0.15,8.0,0.11265264554833426
8.0,1.3,0.1,0.15,8.0,0.17124207140606829
8.0,1.4,0.03,0.15,8.0,0.09107496604088072
8.0,1.4,0.05,0.15,8.0,0.12116737882920489
8.0,1.4,0.1,0.15,8.0,0.17775356588914262
8.0,1.5,0.01,0.15,9.0,0.04971415183660959
8.0,1.6,0.01,0.15,9.0,0.0509786080506464
8.0,1.7,0.2,0.15,8.0,0.2937446598760465
8.0,1.8,0.01,0.15,8.0,0.05282366149735911
8.0,2.1,0.2,0.15,8.0,0.3313921435394196
8.0,2.2,0.03,0.15,8.0,0.1110550371044634
8.0,2.3,0.03,0.15,8.0,0.11318849115970357
8.0,2.3,0.2,0.15,8.0,0.34930061541371854
8.0,2.4,0.1,0.15,8.0,0.23311686296546857
8.0,2.8,0.1,0.15,8.0,0.25180212707502253
4.5,1.0,0.2,0.15,8.0,0.26585442197086373
4.5,1.1,0.03,0.15,8.0,0.08824327754018264
4.5,1.1,0.2,0.15,8.0,0.27900838218965535
4.5,1.4,0.05,0.15,8.0,0.1332611723198236
4.5,1.5,0.03,0.15,8.0,0.0991553800764669
4.5,1.6,0.03,0.15,8.0,0.10152672860065223
4.5,1.6,0.1,0.15,8.0,0.21645777875330446
4.5,1.6,0.2,0.15,8.0,0.33524148742896015
4.5,2.1,0.03,0.15,8.0,0.111888099759951
4.5,2.1,0.2,0.15,8.0,0.37705413425899104
4.5,2.2,0.01,0.15,22.0,0.05853931537490369
4.5,2.2,0.2,0.15,8.0,0.383708646526287
4.5,1.7,0.03,0.15,8.0,0.10378530751901521
4.5,1.8,0.01,0.15,10.0,0.05258019823903011
4.5,1.8,0.05,0.15,8.0,0.1470015818543031
4.5,1.8,0.1,0.15,8.0,0.22758786390414568
4.5,2.3,0.01,0.15,22.0,0.059317271725395554
4.5,2.3,0.1,0.15,8.0,0.25157441176144346
4.5,2.4,0.01,0.15,22.0,0.06006757433986105
4.5,2.4,0.05,0.15,8.0,0.16367488661005963
4.5,2.7,0.1,0.15,8.0,0.2675693270341398
4.5,2.9,0.05,0.15,13.0,0.1853480300957988
4.5,3.0,0.03,0.15,8.0,0.1263331854537999
4.5,3.0,0.05,0.15,13.0,0.18737574098638857
4.5,1.8,0.2,0.15,8.0,0.35366703351210205
4.5,1.9,0.03,0.15,8.0,0.10800620359833638
4.5,2.0,0.05,0.15,8.0,0.15299864335759147
4.5,2.0,0.2,0.15,8.0,0.3698276202588875
4.5,2.6,0.03,0.15,8.0,0.1204275619630319
4.5,2.6,0.05,0.15,7.0,0.16400240309100778
4.5,2.6,0.1,0.15,8.0,0.263802882321621
4.5,2.6,0.2,0.15,8.0,0.40460400553335374
16.0,1.5,0.05,0.15,8.0,0.09527965794969011
16.0,1.9,0.05,0.15,8.0,0.10728543140057657
1.0,0.3,0.1,0.15,14.0,0.10508310102954495
1.0,0.6,0.2,0.15,9.0,0.15892628286248237
1.0,0.7,0.2,0.15,9.0,0.15260644123584055
1.0,0.8,0.03,0.15,18.0,0.06268760208750591
1.0,0.8,0.1,0.15,11.0,0.11995924529756855
1.0,1.6,0.1,0.15,8.0,0.10965505802578562
2.0,2.8,0.05,0.15,6.0,0.124216717999857
2.0,3.0,0.1,0.15,8.0,0.19483539808163752
2.0,3.0,0.2,0.15,8.0,0.26379206256207777
3.0,0.4,0.2,0.15,8.0,0.17993778966285778
1.0,3.0,0.2,0.15,8.0,0.2705217374158946
2.0,0.4,0.2,0.15,8.0,0.17976898843269268
2.0,0.8,0.03,0.15,8.0,0.06731810632002246
2.0,1.2,0.1,0.15,8.0,0.17225707532006
1.0,1.7,0.1,0.15,8.0,0.1055978578373277
1.0,2.2,0.05,0.15,5.0,0.07198438968515308
1.0,2.4,0.1,0.15,8.0,0.11038567771849811
1.0,2.5,0.2,0.15,8.0,0.2401287755360273
3.0,0.8,0.05,0.15,9.0,0.1081201465807928
3.0,0.8,0.1,0.15,8.0,0.16217522105021082
3.0,1.4,0.2,0.15,8.0,0.3120809705794373
3.0,1.7,0.2,0.15,8.0,0.328410727822119
2.0,1.7,0.01,0.15,22.0,0.04605420618082211
2.0,1.8,0.2,0.15,8.0,0.2255908818341048
2.0,2.2,0.1,0.15,8.0,0.19644673196082396
2.0,2.4,0.05,0.15,8.0,0.13094945961206775
1.0,2.6,0.05,0.15,5.0,0.07421255881462477
1.0,2.6,0.1,0.15,8.0,0.22712116308321006
1.0,2.8,0.1,0.15,8.0,0.3804356649531
1.0,2.9,0.05,0.15,6.0,0.07956320102808434
3.0,1.9,0.1,0.15,8.0,0.22356999060340904
3.0,2.1,0.01,0.15,22.0,0.053914260239916835
3.0,2.4,0.1,0.15,8.0,0.2393863829124971
3.0,2.4,0.2,0.15,8.0,0.3275992498621987
4.0,2.2,0.1,0.15,8.0,0.24600291904292787
4.0,2.3,0.01,0.15,22.0,0.058343123593387
4.0,2.6,0.2,0.15,8.0,0.3915348974017735
4.0,2.8,0.01,0.15,22.0,0.061674609753055235
4.0,1.2,0.05,0.15,8.0,0.12527027703878546
4.0,1.2,0.2,0.15,8.0,0.29654254390828777
4.0,1.3,0.1,0.15,8.0,0.1992830404086794
4.0,2.1,0.05,0.15,10.0,0.1603388801263085
5.0,1.1,0.1,0.15,8.0,0.1803694651579924
5.0,1.2,0.03,0.15,8.0,0.09122211761447938
5.0,1.6,0.1,0.15,8.0,0.21417442566673633
5.0,1.8,0.1,0.15,8.0,0.22571261737671022
5.0,1.9,0.03,0.15,8.0,0.10870926517869325
5.0,1.9,0.05,0.15,8.0,0.15013512386122477
5.0,1.9,0.1,0.15,8.0,0.23114288697051633
5.0,2.0,0.2,0.15,8.0,0.36761451590304656
3.0,2.8,0.05,0.15,8.0,0.15934700473045033
3.0,2.9,0.1,0.15,8.0,0.2504590169770374
4.0,0.8,0.1,0.15,8.0,0.16103634121832697
4.0,0.9,0.2,0.15,8.0,0.25786291991411775
4.0,2.8,0.2,0.15,8.0,0.3941115142530126
5.0,0.5,0.2,0.15,8.0,0.18088722933161738
5.0,0.9,0.05,0.15,8.0,0.11000039995744812
5.0,0.9,0.1,0.15,8.0,0.16414588953673775
5.0,2.1,0.1,0.15,8.0,0.24139822493131663
5.0,2.2,0.1,0.15,8.0,0.24624697370900275
5.0,2.3,0.2,0.15,8.0,0.3909001012195334
5.0,2.5,0.01,0.15,22.0,0.06155020074472922
5.0,2.6,0.1,0.15,8.0,0.26400050658874114
6.0,0.6,0.2,0.15,8.0,0.1871777127252354
6.0,1.0,0.1,0.15,8.0,0.16510206285837387
6.0,1.1,0.05,0.15,8.0,0.11661963618475249
6.0,1.1,0.1,0.15,8.0,0.17293362385935043
6.0,1.1,0.2,0.15,8.0,0.2578117144687907
6.0,1.3,0.1,0.15,8.0,0.1874904269338879
6.0,1.4,0.2,0.15,8.0,0.2934874597164773
6.0,1.5,0.2,0.15,8.0,0.30461107248794217
6.0,1.8,0.1,0.15,8.0,0.21900967220102247
6.0,1.9,0.03,0.15,8.0,0.10844301725550537
6.0,2.2,0.05,0.15,8.0,0.15746963263653502
6.0,2.3,0.1,0.15,8.0,0.24553460603686772
6.0,2.7,0.2,0.15,8.0,0.4132835156736764
6.0,2.8,0.1,0.15,8.0,0.268407080032681
7.0,1.0,0.1,0.15,8.0,0.15739511144521845
7.0,2.4,0.01,0.15,8.0,0.05887314065983414
7.0,2.5,0.1,0.15,8.0,0.24711071472757917
7.0,2.6,0.2,0.15,8.0,0.3923034000293558
8.0,1.1,0.05,0.15,9.0,0.10943685582422087
7.0,1.1,0.1,0.15,8.0,0.16503008138598435
7.0,1.3,0.03,0.15,8.0,0.09079257466031604
7.0,1.3,0.05,0.15,8.0,0.12148804503617772
7.0,1.3,0.2,0.15,8.0,0.26692597101511845
7.0,1.6,0.2,0.15,8.0,0.2992999836210544
7.0,2.0,0.2,0.15,8.0,0.33900778829199407
7.0,2.1,0.2,0.15,8.0,0.348401477140071
7.0,2.2,0.03,0.15,8.0,0.11341154407614523
8.0,1.7,0.1,0.15,8.0,0.196011618044994
8.0,1.8,0.03,0.15,8.0,0.1018011732210358
8.0,1.9,0.03,0.15,8.0,0.10423381357712483
8.0,1.9,0.05,0.15,8.0,0.139724264950863
8.0,2.7,0.1,0.15,8.0,0.24727267811379572
8.0,2.9,0.05,0.15,8.0,0.1693336762468002
8.0,2.9,0.1,0.15,8.0,0.2562439461949544
8.0,3.0,0.1,0.15,8.0,0.2606016937642416
8.0,1.9,0.2,0.15,8.0,0.3128964198868056
8.0,2.2,0.05,0.15,9.0,0.15140613630193955
8.0,2.2,0.2,0.15,8.0,0.3404168717006645
8.0,2.7,0.01,0.15,8.0,0.06144952490287711
8.0,3.0,0.2,0.15,8.0,0.40762258732228535
9.0,1.5,0.03,0.15,8.0,0.09102588002081931
1.0,0.4,0.05,0.15,14.0,0.07087020224942972
1.0,0.5,0.03,0.15,22.0,0.05833422684477221
2.0,1.2,0.01,0.15,22.0,0.042120658602571345
2.0,1.4,0.2,0.15,8.0,0.2590210216769051
2.0,1.5,0.2,0.15,8.0,0.25589841508368916
2.0,1.6,0.01,0.15,22.0,0.04535617526548745
1.0,1.7,0.2,0.15,8.0,0.7860616485642431
1.0,1.8,0.2,0.15,8.0,0.913742554157277
1.0,2.2,0.1,0.15,8.0,0.08447096321983927
1.0,2.4,0.05,0.15,6.0,0.07835391984834597
1.0,0.6,0.1,0.15,13.0,0.11982343610043031
1.0,1.0,0.2,0.15,8.0,0.10757890155292932
1.0,1.2,0.1,0.15,9.0,0.1169501490973028
0.5,1.5,0.01,0.15,14.0,0.02062893123974778
2.0,1.7,0.2,0.15,8.0,0.2404753951193087
2.0,1.9,0.1,0.15,8.0,0.1924163554200281
2.0,2.0,0.1,0.15,8.0,0.1940338051521392
2.0,2.1,0.1,0.15,8.0,0.1953754290212072
1.0,2.7,0.1,0.15,8.0,0.30602365097231177
1.0,2.8,0.2,0.15,8.0,0.25980913762963825
2.0,0.5,0.2,0.15,8.0,0.19790501813589903
2.0,0.9,0.03,0.15,8.0,0.06983960683121082
2.0,2.9,0.05,0.15,6.0,0.12531255946361922
2.0,2.9,0.1,0.15,8.0,0.19615955891565323
3.0,0.5,0.2,0.15,8.0,0.20054859402663383
3.0,0.8,0.03,0.15,12.0,0.08196785430024274
3.0,0.9,0.1,0.15,8.0,0.17013782934528696
3.0,1.2,0.2,0.15,8.0,0.2959562785460811
3.0,1.3,0.1,0.15,8.0,0.19615206671570037
3.0,1.6,0.2,0.15,8.0,0.32399471227530774
3.0,2.1,0.05,0.15,10.0,0.1528972982719821
3.0,2.2,0.2,0.15,8.0,0.33455551935321515
3.0,2.4,0.01,0.15,22.0,0.0558603201816832
3.0,2.8,0.2,0.15,8.0,0.2798371733183909
4.0,2.3,0.1,0.15,8.0,0.2500529556146935
4.0,2.5,0.01,0.15,22.0,0.059742981395422876
5.0,0.4,0.2,0.15,8.0,0.1612859660788882
5.0,1.1,0.2,0.15,8.0,0.2723203204063892
4.0,1.7,0.1,0.15,8.0,0.2226511157614623
4.0,1.8,0.1,0.15,8.0,0.22777926210163588
4.0,1.9,0.05,0.15,8.0,0.14889179800654023
4.0,2.0,0.2,0.15,8.0,0.36725073839055794
4.0,1.4,0.2,0.15,8.0,0.3184385702643399
4.0,1.6,0.03,0.15,8.0,0.10038890081674913
4.0,1.7,0.01,0.15,22.0,0.05342591005387376
4.0,1.7,0.03,0.15,8.0,0.10252984913055246
5.0,2.8,0.1,0.15,8.0,0.2719946402991368
5.0,2.9,0.05,0.15,8.0,0.1764709281532604
5.0,3.0,0.01,0.15,22.0,0.06500313282952097
6.0,0.6,0.1,0.15,8.0,0.12852695067235598
5.0,1.5,0.2,0.15,8.0,0.31947180769305766
5.0,1.7,0.03,0.15,8.0,0.10429725353047521
5.0,2.2,0.2,0.15,8.0,0.38361526020860814
5.0,2.3,0.01,0.15,22.0,0.06000607145079062
5.0,2.3,0.05,0.15,8.0,0.16174781526833132
5.0,2.3,0.1,0.15,8.0,0.25092328291371785
5.0,2.4,0.01,0.15,22.0,0.060791446642302495
5.0,2.7,0.2,0.15,8.0,0.4151591574546034
4.0,0.9,0.1,0.15,8.0,0.16977743318769528
4.0,1.0,0.2,0.15,8.0,0.27159666229917945
4.0,1.1,0.03,0.15,9.0,0.08978311954722953
4.0,1.1,0.1,0.15,8.0,0.18547701883016668
3.0,3.0,0.1,0.15,8.0,0.25218126670083707
3.0,3.0,0.2,0.15,8.0,0.6011390053272712
4.0,0.6,0.2,0.15,8.0,0.21042333089523912
4.0,0.9,0.03,0.15,10.0,0.08483283472556417
6.0,2.0,0.2,0.15,8.0,0.35537445985718247
6.0,2.4,0.05,0.15,8.0,0.16323961896594816
6.0,2.5,0.1,0.15,8.0,0.25507197080951904
6.0,2.6,0.1,0.15,8.0,0.2596408340202871
7.0,2.8,0.1,0.15,8.0,0.26092448533701407
7.0,2.9,0.05,0.15,8.0,0.17349158500695055
7.0,2.9,0.1,0.15,8.0,0.2653222790451047
8.0,0.7,0.2,0.15,8.0,0.18145255146227224
7.0,2.4,0.05,0.15,8.0,0.159921213077933
7.0,2.5,0.01,0.15,8.0,0.059722538626498185
7.0,2.7,0.05,0.15,9.0,0.17072681856685054
7.0,2.7,0.1,0.15,8.0,0.2564261451801042
6.0,0.7,0.1,0.15,8.0,0.13865708520054826
6.0,0.8,0.1,0.15,8.0,0.1480478248615453
6.0,0.8,0.2,0.15,8.0,0.21766753195887362
6.0,1.3,0.03,0.15,8.0,0.09299207788574146
7.0,0.9,0.1,0.15,8.0,0.14935767781285353
7.0,1.2,0.05,0.15,8.0,0.11708638996687346
7.0,1.7,0.05,0.15,8.0,0.1372652424654376
7.0,1.7,0.1,0.15,8.0,0.2047042080909621
6.0,3.0,0.01,0.15,22.0,0.06611951114642249
6.0,3.0,0.1,0.15,8.0,0.27670948617146673
6.0,3.0,0.2,0.15,8.0,0.43294160202093523
7.0,0.7,0.2,0.15,8.0,0.1915467302456808
8.0,0.8,0.1,0.15,8.0,0.13412515055703966
8.0,1.5,0.05,0.15,7.0,0.12300856897504137
8.0,1.5,0.1,0.15,8.0,0.18403838138846693
8.0,1.6,0.03,0.15,8.0,0.09665565280678014
6.0,1.6,0.03,0.15,8.0,0.10124272008081309
6.0,1.7,0.03,0.15,8.0,0.10374455952713943
6.0,1.8,0.03,0.15,8.0,0.10614159830500451
6.0,1.9,0.1,0.15,8.0,0.22465808005943197
8.0,2.6,0.1,0.15,8.0,0.2426516555687111
8.0,2.7,0.2,0.15,8.0,0.38346897851853173
8.0,2.8,0.01,0.15,8.0,0.062265110449663735
8.0,2.8,0.05,0.15,8.0,0.1666991516370272
8.0,1.6,0.05,0.15,9.0,0.13064453553154134
8.0,1.6,0.1,0.15,8.0,0.19011828626704538
8.0,2.0,0.05,0.15,8.0,0.1430695439047216
8.0,2.1,0.05,0.15,10.0,0.14969545971036374
8.0,2.1,0.1,0.15,8.0,0.21800043316738543
8.0,2.4,0.05,0.15,8.0,0.1555077835649077
8.0,2.4,0.2,0.15,8.0,0.35804680248654874
8.0,2.5,0.2,0.15,8.0,0.36665712499324643
8.0,2.8,0.2,0.15,8.0,0.3916662290474998
1.0,0.3,0.2,0.15,13.0,0.15958001157385626
1.0,0.6,0.03,0.15,22.0,0.06083144180902196
1.0,1.1,0.01,0.15,22.0,0.032333065693446086
2.0,0.7,0.05,0.15,12.0,0.10248232301021659
2.0,1.2,0.03,0.15,22.0,0.09103797031640383
2.0,1.2,0.2,0.15,8.0,0.25885696125049024
2.0,1.6,0.05,0.15,9.0,0.12186784920753702
1.0,1.3,0.01,0.15,22.0,0.03358807644865769
1.0,1.4,0.1,0.15,9.0,0.11227221437565557
1.0,1.5,0.2,0.15,8.0,0.5213906850350258
1.0,1.6,0.2,0.15,8.0,0.21902986504232608
1.0,2.3,0.05,0.15,6.0,0.07792583209133892
1.0,2.3,0.2,0.15,8.0,0.22665951137733517
1.0,2.6,0.2,0.15,8.0,0.246898290482701
2.0,0.6,0.1,0.15,9.0,0.1423270412195342
3.0,1.3,0.05,0.15,8.0,0.124824405003241
3.0,1.3,0.2,0.15,8.0,0.30455584048640966
3.0,1.4,0.05,0.15,8.0,0.1280427140918127
3.0,1.5,0.2,0.15,8.0,0.31855496723569166
1.0,1.7,0.05,0.15,6.0,0.07386821872207973
1.0,1.9,0.05,0.15,6.0,0.0755270526648195
1.0,1.9,0.1,0.15,8.0,0.09225048215938549
1.0,1.9,0.2,0.15,8.0,0.20597930525294209
2.0,2.7,0.2,0.15,8.0,0.2470702723361894
3.0,0.8,0.2,0.15,8.0,0.24997463074833015
3.0,0.9,0.03,0.15,11.0,0.08409961265918717
3.0,1.2,0.1,0.15,8.0,0.19037595756541822
4.0,1.6,0.01,0.15,22.0,0.0524701990814635
4.0,1.9,0.01,0.15,22.0,0.05520600765027368
4.0,1.9,0.2,0.15,8.0,0.360835748185456
4.0,2.0,0.1,0.15,8.0,0.2373198225589977
3.0,2.0,0.2,0.15,8.0,0.33546715153626094
3.0,2.5,0.01,0.15,22.0,0.056462260681248724
3.0,2.6,0.05,0.15,10.0,0.16252113125552978
3.0,2.9,0.2,0.15,8.0,0.37966729623552314
2.0,1.7,0.1,0.15,8.0,0.1883178612709789
2.0,2.4,0.1,0.15,8.0,0.19778609866334418
2.0,2.6,0.2,0.15,8.0,0.26306162698055324
2.0,2.7,0.05,0.15,6.0,0.12307051120588325
4.0,2.2,0.01,0.15,22.0,0.057604395441339856
4.0,2.2,0.2,0.15,8.0,0.37804197260651057
4.0,2.3,0.05,0.15,14.0,0.17114021395820475
4.0,2.5,0.2,0.15,8.0,0.38917611942615976
4.0,2.6,0.1,0.15,8.0,0.26115159821137396
4.0,2.7,0.1,0.15,8.0,0.26452711064178464
4.0,2.9,0.05,0.15,10.0,0.17840860138818296
4.0,3.0,0.1,0.15,8.0,0.2737734520857828
5.0,0.7,0.2,0.15,8.0,0.21526530982899003
5.0,0.8,0.05,0.15,8.0,0.10447925422613197
5.0,1.2,0.05,0.15,8.0,0.12441487876584703
5.0,1.2,0.2,0.15,8.0,0.28489746238696423
3.0,4.0,0.1,0.15,8.0,0.26125736264563537
4.0,1.0,0.03,0.15,9.0,0.0866867171970423
4.0,1.2,0.1,0.15,8.0,0.19258842481342225
4.0,1.4,0.1,0.15,8.0,0.20560395224547662
5.0,1.3,0.03,0.15,8.0,0.094126138481585
5.0,1.4,0.2,0.15,8.0,0.3084442954468699
5.0,1.8,0.05,0.15,8.0,0.14694269814758426
5.0,1.9,0.01,0.15,8.0,0.05280112255481751
5.0,2.0,0.02,0.15,8.0,0.085182483262214
5.0,2.4,0.05,0.15,8.0,0.16440179551310696
5.0,2.5,0.1,0.15,8.0,0.25979261844594964
5.0,2.7,0.05,0.15,9.0,0.17499742071255053
5.0,2.9,0.2,0.15,8.0,0.42433803582288465
6.0,1.0,0.05,0.15,8.0,0.11172096412026183
6.0,1.2,0.03,0.15,8.0,0.08994349720693745
6.0,1.2,0.1,0.15,8.0,0.18038159155100894
6.0,2.1,0.03,0.15,8.0,0.1127898530823011
6.0,2.1,0.05,0.15,10.0,0.1590111376348094
6.0,2.3,0.01,0.15,9.0,0.058226184793919326
6.0,2.4,0.1,0.15,8.0,0.2503719768001177
6.0,2.6,0.05,0.15,7.0,0.16496115015117638
6.0,2.7,0.1,0.15,8.0,0.26408418114871113
6.0,2.8,0.01,0.15,8.0,0.061357625790981224
6.0,2.8,0.05,0.15,8.0,0.17379292261137955
6.0,1.4,0.03,0.15,8.0,0.09588013567721504
6.0,1.4,0.05,0.15,8.0,0.12978724551076026
6.0,1.6,0.2,0.15,8.0,0.3153946073644986
6.0,1.7,0.1,0.15,8.0,0.21316571486902286
6.0,2.9,0.01,0.15,22.0,0.06541576474025859
6.0,2.9,0.05,0.15,8.0,0.17625223692279685
6.0,2.9,0.1,0.15,8.0,0.2726141227785888
7.0,0.9,0.2,0.15,8.0,0.2188311501112889
7.0,1.0,0.2,0.15,8.0,0.23153241692462329
7.0,1.1,0.05,0.15,8.0,0.11245712677957656
7.0,1.4,0.1,0.15,8.0,0.18599339973120044
7.0,1.5,0.1,0.15,8.0,0.19244804462991752
7.0,2.3,0.01,0.15,8.0,0.057995857151879444
7.0,2.3,0.2,0.15,8.0,0.3665799812155684
7.0,2.6,0.01,0.15,8.0,0.06054594908309729
7.0,3.0,0.2,0.15,8.0,0.42347749729760564
8.0,0.9,0.2,0.15,8.0,0.20729951280800168
8.0,1.0,0.1,0.15,8.0,0.15005584389658272
8.0,1.2,0.1,0.15,8.0,0.16447775593830888
8.0,1.5,0.2,0.15,8.0,0.2738256636386912
7.0,1.6,0.05,0.15,9.0,0.13551938847820502
7.0,1.8,0.03,0.15,8.0,0.10434663096256139
7.0,1.9,0.03,0.15,8.0,0.10673597148718887
7.0,2.0,0.05,0.15,8.0,0.14760728716935756
8.0,1.7,0.03,0.15,8.0,0.09927785813553057
8.0,1.8,0.2,0.15,8.0,0.30340836239002594
8.0,1.9,0.1,0.15,8.0,0.20729876327324817
8.0,2.0,0.03,0.15,8.0,0.10658293805286921
8.0,2.0,0.1,0.15,8.0,0.21271755236843073
8.0,2.2,0.01,0.15,8.0,0.056985789288188704
8.0,2.2,0.1,0.15,8.0,0.22315624094784167
8.0,2.3,0.05,0.15,8.0,0.15252727282369294
8.0,2.6,0.2,0.15,8.0,0.37513166098880946
8.0,2.9,0.2,0.15,8.0,0.39971923648769564
8.0,3.0,0.01,0.15,8.0,0.06383139627621147
1.0,0.4,0.1,0.15,14.0,0.1130217478290158
1.0,2.9,0.03,0.15,8.0,0.06423170554429376
2.0,0.3,0.2,0.15,9.0,0.16633314289165957
2.0,0.8,0.2,0.15,8.0,0.23621257687208175
2.0,0.9,0.05,0.15,8.0,0.09902753159696163
1.0,0.5,0.2,0.15,10.0,0.16116236049310384
1.0,0.7,0.1,0.15,12.0,0.12029015464505304
1.0,0.9,0.05,0.15,8.0,0.07181481314317299
1.0,1.3,0.1,0.15,9.0,0.11517536878390974
2.0,2.5,0.1,0.15,8.0,0.19805017192252417
2.0,2.9,0.2,0.15,8.0,0.25839910912597863
2.0,4.0,0.1,0.15,8.0,0.15237939505325565
3.0,0.6,0.2,0.15,8.0,0.21881632128108994
2.0,0.9,0.1,0.15,8.0,0.15738347973437805
2.0,1.1,0.03,0.15,22.0,0.08906437830003021
2.0,1.1,0.1,0.15,8.0,0.167829701114437
2.0,1.3,0.05,0.15,10.0,0.11817645833995397
3.0,0.7,0.05,0.15,10.0,0.10541508351267931
3.0,0.7,0.2,0.15,8.0,0.23519729446704707
3.0,1.1,0.03,0.15,10.0,0.08835889565828209
3.0,1.1,0.1,0.15,8.0,0.1841554775089558
1.0,1.4,0.2,0.15,8.0,0.37991166959723455
1.0,1.5,0.01,0.15,22.0,0.03466338124503684
1.0,1.6,0.05,0.15,6.0,0.07290720241499489
1.0,2.7,0.05,0.15,5.0,0.07464804123902191
2.0,2.0,0.2,0.15,8.0,0.2045507765205357
2.0,2.1,0.2,0.15,8.0,0.2636955887156603
2.0,2.2,0.2,0.15,8.0,0.3763326189720746
2.0,2.4,0.2,0.15,8.0,0.8180835685065566
4.0,1.8,0.05,0.15,8.0,0.1459968736607169
4.0,2.0,0.01,0.15,22.0,0.05603846710833733
4.0,2.2,0.05,0.15,9.0,0.16030972603571753
4.0,2.4,0.05,0.15,14.0,0.1734599611407694
2.0,1.3,0.2,0.15,8.0,0.25992140901131766
2.0,1.4,0.05,0.15,10.0,0.12062691243119093
2.0,1.5,0.01,0.15,22.0,0.044618964627365414
2.0,1.9,0.01,0.15,22.0,0.04734780910315149
3.0,1.4,0.03,0.15,9.0,0.09353229319287487
3.0,1.5,0.01,0.15,22.0,0.04917872756449393
3.0,1.6,0.1,0.15,8.0,0.211235388980981
3.0,1.8,0.01,0.15,22.0,0.051713802167333366
3.0,2.9,0.05,0.15,8.0,0.16094172120704803
3.0,4.0,0.03,0.15,10.0,0.12903560926619345
4.0,0.5,0.2,0.15,8.0,0.19188644307700348
4.0,1.4,0.03,0.15,8.0,0.09576603055642487
3.0,2.5,0.2,0.15,8.0,0.3206999802228715
3.0,2.6,0.1,0.15,8.0,0.24432972184465954
3.0,2.6,0.2,0.15,8.0,0.31030897043475986
3.0,2.7,0.1,0.15,8.0,0.2465381985949586
3.0,1.9,0.2,0.15,8.0,0.33416784877154515
3.0,2.0,0.01,0.15,22.0,0.05321230953712866
3.0,2.0,0.1,0.15,8.0,0.22716952589667863
3.0,2.5,0.05,0.15,10.0,0.16076826494472643
5.0,1.7,0.1,0.15,8.0,0.2200620016581265
5.0,2.1,0.05,0.15,8.0,0.15615538274541557
5.0,2.2,0.05,0.15,8.0,0.1590012249535618
5.0,2.4,0.1,0.15,8.0,0.25543589028175234
5.0,2.4,0.2,0.15,8.0,0.3977005581205922
5.0,2.6,0.01,0.15,22.0,0.06228418248452275
5.0,2.6,0.05,0.15,7.0,0.16524189805599682
5.0,2.7,0.01,0.15,22.0,0.06299504764939154
5.0,0.6,0.1,0.15,8.0,0.13524223363890497
5.0,1.2,0.1,0.15,8.0,0.1878129038162552
5.0,1.6,0.05,0.15,8.0,0.1401381942379326
5.0,1.6,0.2,0.15,8.0,0.3300254399821748
5.0,2.7,0.1,0.15,8.0,0.2680659197552541
5.0,2.8,0.05,0.15,8.0,0.17420183322477756
5.0,2.9,0.01,0.15,22.0,0.06435324098533182
5.0,2.9,0.1,0.15,8.0,0.27579194490343106
5.0,3.0,0.1,0.15,8.0,0.279462669851897
6.0,0.7,0.2,0.15,8.0,0.2028971887296378
6.0,0.9,0.2,0.15,8.0,0.23166503193603732
6.0,1.2,0.05,0.15,8.0,0.12124216024951494
6.0,2.2,0.01,0.15,8.0,0.05662604141515036
6.0,2.3,0.2,0.15,8.0,0.38213583343411056
6.0,2.4,0.01,0.15,8.0,0.05830526139799826
6.0,2.7,0.01,0.15,8.0,0.06062853463592958
6.0,1.3,0.05,0.15,8.0,0.12562223152874674
6.0,1.4,0.1,0.15,8.0,0.1942960831204638
6.0,1.6,0.05,0.15,9.0,0.13989738386559988
6.0,1.8,0.05,0.15,8.0,0.14469863094184138
6.0,2.9,0.2,0.15,8.0,0.426758556623934
6.0,4.0,0.1,0.15,8.0,0.3122278256532987
7.0,0.7,0.1,0.15,8.0,0.13178263269841767
7.0,1.2,0.1,0.15,8.0,0.172315043710621
7.0,1.8,0.05,0.15,8.0,0.14083451740907107
7.0,1.8,0.2,0.15,8.0,0.3195964247485277
7.0,1.9,0.05,0.15,8.0,0.1442786652922182
7.0,1.9,0.1,0.15,8.0,0.21620465523108545
7.0,2.0,0.03,0.15,8.0,0.10903892792181882
7.0,2.1,0.01,0.15,8.0,0.0561488782522795
7.0,2.1,0.03,0.15,8.0,0.11126216089762644
7.0,2.1,0.1,0.15,8.0,0.2270554573439233
7.0,2.2,0.05,0.15,9.0,0.15620825222120835
7.0,2.2,0.1,0.15,8.0,0.23226307514381234
7.0,2.6,0.05,0.15,7.0,0.1623321163894174
7.0,3.0,0.1,0.15,8.0,0.2696232899752914
8.0,0.6,0.2,0.15,8.0,0.16736863313984854
8.0,0.8,0.2,0.15,8.0,0.1947087615247467
8.0,0.9,0.1,0.15,8.0,0.1423092874911479
8.0,1.1,0.2,0.15,8.0,0.23092561507154288
8.0,1.3,0.05,0.15,8.0,0.11700472410998897
8.0,1.3,0.2,0.15,8.0,0.25297058769081604
8.0,1.4,0.2,0.15,8.0,0.2635285637840453
8.0,1.8,0.1,0.15,8.0,0.2017339795912132
8.0,2.3,0.01,0.15,8.0,0.057936082499013386
8.0,2.3,0.1,0.15,8.0,0.22819275620916052
8.0,2.5,0.01,0.15,8.0,0.059746395841344606
8.0,2.6,0.01,0.15,8.0,0.06061047231413309
5.5,0.8,0.05,0.15,8.0,0.10280809163543468
6.5,0.9,0.05,0.15,8.0,0.1044770817618631
5.0,0.6,0.01,0.15,14.0,0.037534612834438284
7.0,0.3,0.01,0.15,8.0,0.025605623340716806
10.0,3.5,0.03,0.15,8.0,0.12950838199989007
10.0,3.5,0.04,0.15,8.0,0.15310355733267805
10.0,4.0,0.04,0.15,8.0,0.1626485472500852
11.0,3.5,0.04,0.15,8.0,0.1489002029944206
11.0,4.0,0.04,0.15,8.0,0.15843757816825255
12.0,3.0,0.04,0.15,8.0,0.13442853212847963
12.0,3.5,0.04,0.15,8.0,0.14469920443464757
12.0,4.0,0.03,0.15,8.0,0.13092610760795195
4.0,5.0,0.03,0.15,10.0,0.148453082166933
2.5,1.2,0.01,0.15,22.0,0.044517928132391686
5.0,3.0,0.03,0.15,22.0,0.13708203440943958
5.0,4.5,0.03,0.15,8.0,0.14642770788770848
6.0,3.0,0.03,0.15,8.0,0.12917495002600418
7.0,2.0,0.04,0.15,8.0,0.12941492290724796
7.0,2.5,0.04,0.15,8.0,0.14230083144541406
7.0,3.0,0.03,0.15,8.0,0.1284723623615485
7.0,6.0,0.03,0.15,8.0,0.16641087958581705
8.0,0.3,0.03,0.15,8.0,0.04416098132878784
8.0,2.5,0.04,0.15,8.0,0.13899696569885245
8.0,3.5,0.03,0.15,8.0,0.1348320208011823
12.0,5.5,0.04,0.15,8.0,0.17895599400526235
1.0,1.5,0.04,0.15,13.0,0.07866762669898442
1.0,2.0,0.03,0.15,8.0,0.0605342041314448
1.0,2.5,0.04,0.15,10.0,0.07732103766942122
5.0,5.0,0.03,0.15,14.0,0.15818791712692673
5.0,5.5,0.03,0.15,8.0,0.15592155339538963
5.0,5.5,0.04,0.15,8.0,0.1891284845700606
6.0,0.6,0.01,0.15,14.0,0.036942493307445194
8.0,4.5,0.03,0.15,8.0,0.1490515089147838
8.0,4.5,0.04,0.15,8.0,0.17840526652651614
8.0,5.5,0.04,0.15,8.0,0.19338508268326962
8.0,6.0,0.03,0.15,8.0,0.16641146377550994
1.0,3.5,0.03,0.15,10.0,0.06691664300081794
1.0,5.5,0.03,0.15,8.0,0.06015140179271078
2.0,1.5,0.03,0.15,18.0,0.0949160538049501
2.0,1.5,0.04,0.15,9.0,0.10280295623141604
9.0,2.5,0.04,0.15,8.0,0.135145720893276
9.0,3.5,0.03,0.15,8.0,0.13241122800423394
9.0,6.0,0.03,0.15,8.0,0.16512447021438623
10.0,4.0,0.03,0.15,8.0,0.13727414349474593
2.0,5.5,0.03,0.15,8.0,0.11083557878459423
3.0,4.5,0.03,0.15,8.0,0.1281742854637326
3.0,5.0,0.03,0.15,8.0,0.13160310744379977
4.0,3.0,0.04,0.15,8.0,0.15020553436099718
11.0,3.0,0.03,0.15,8.0,0.11781598907702573
11.0,5.0,0.03,0.15,8.0,0.1480675828156547
12.0,5.5,0.03,0.15,8.0,0.15117029367499737
1.0,1.0,0.04,0.15,14.0,0.07524620760929787
2.0,2.5,0.04,0.15,8.0,0.11389015528536756
2.0,3.5,0.04,0.15,8.0,0.12279798205412965
2.0,4.0,0.03,0.15,8.0,0.10446710450185269
2.0,4.5,0.03,0.15,8.0,0.10699045705666885
6.0,4.0,0.03,0.15,18.0,0.15111135111686436
6.0,4.5,0.03,0.15,8.0,0.14937911437712842
8.0,5.0,0.03,0.15,22.0,0.16348839058659984
8.0,5.5,0.03,0.15,8.0,0.16104582030670525
9.0,4.5,0.03,0.15,8.0,0.1470609355013514
10.0,5.5,0.03,0.15,8.0,0.15718326448025782
10.0,6.0,0.03,0.15,8.0,0.1629576338114817
11.0,3.5,0.03,0.15,8.0,0.12636282291599163
8.0,3.0,0.03,0.15,8.0,0.1265734821418527
8.0,4.0,0.03,0.15,8.0,0.14227280056444017
9.0,3.0,0.03,0.15,8.0,0.1239639568065904
10.0,4.5,0.03,0.15,8.0,0.14441073545803348
6.0,5.0,0.03,0.15,14.0,0.16125768852227584
6.0,5.5,0.03,0.15,8.0,0.15991096719420306
7.0,3.5,0.03,0.15,8.0,0.13642009999561805
7.0,4.5,0.03,0.15,8.0,0.15000142677205552
11.0,4.0,0.03,0.15,8.0,0.13417058234490037
12.0,3.0,0.03,0.15,8.0,0.11463362432260965
12.0,5.0,0.03,0.15,8.0,0.14486291637768497
12.0,6.0,0.03,0.15,8.0,0.15711523115907927
11.0,4.5,0.03,0.15,8.0,0.14137292897531
1.0,3.0,0.03,0.15,6.0,0.05864731433991058
3.0,1.5,0.04,0.15,8.0,0.11294258984435267
3.0,2.0,0.04,0.15,8.0,0.12388001135337096
1.0,2.0,0.04,0.15,11.0,0.07825838896236632
1.0,5.0,0.03,0.15,6.0,0.06190489373816839
3.0,3.0,0.03,0.15,14.0,0.12413698401377403
3.0,5.5,0.03,0.15,8.0,0.13465975288778026
9.0,5.5,0.03,0.15,8.0,0.15952039837851353
10.0,3.0,0.03,0.15,8.0,0.12097239784219832
10.0,5.0,0.03,0.15,8.0,0.1510211488620745
11.0,5.5,0.03,0.15,8.0,0.15432855124312883
4.0,2.0,0.03,0.15,8.0,0.10839564617448393
4.0,6.0,0.03,0.15,8.0,0.15174834218635797
5.0,6.0,0.03,0.15,8.0,0.16008578792603065
6.0,3.5,0.03,0.15,8.0,0.13667018440784415
5.0,2.0,0.03,0.15,8.0,0.11078167717483847
6.0,6.0,0.03,0.15,8.0,0.1645661690804568
7.0,4.0,0.03,0.15,8.0,0.1435428976638392
9.0,5.0,0.03,0.15,8.0,0.15352030999007088
11.0,6.0,0.03,0.15,8.0,0.16021346983609128
12.0,3.5,0.03,0.15,8.0,0.12313352933797903
12.0,4.5,0.03,0.15,8.0,0.1381382965498125
1.0,0.9,0.04,0.15,14.0,0.07374966750619506
3.0,6.0,0.03,0.15,8.0,0.13739492890303281
4.0,3.5,0.03,0.15,8.0,0.12986722867931605
4.0,4.0,0.03,0.15,14.0,0.1430796235540581
4.0,4.5,0.03,0.15,8.0,0.14000396789545042
7.0,5.0,0.03,0.15,18.0,0.16321182964653583
7.0,5.5,0.03,0.15,8.0,0.16135908356491963
9.0,4.0,0.03,0.15,8.0,0.14006065859859876
4.0,2.5,0.04,0.15,8.0,0.14146626965139275
5.0,3.5,0.03,0.15,8.0,0.13485178944251203
5.0,4.0,0.03,0.15,18.0,0.1491644017288655
6.0,2.5,0.03,0.15,8.0,0.1206276747796059
1.0,4.0,0.03,0.15,6.0,0.061139909624091306
1.0,4.5,0.03,0.15,9.0,0.06381318581178315
1.0,6.0,0.03,0.15,8.0,0.05595422543191765
2.0,5.0,0.03,0.15,6.0,0.10084682759573704
2.0,3.0,0.03,0.15,8.0,0.09785147558078838
2.0,3.5,0.03,0.15,8.0,0.10145516817395434
3.0,2.0,0.03,0.15,22.0,0.11402978845127654
4.0,2.0,0.04,0.15,8.0,0.13107047424211488
2.0,6.0,0.03,0.15,8.0,0.11224381734039621
3.0,3.5,0.03,0.15,8.0,0.11990725633697369
4.0,3.0,0.03,0.15,18.0,0.133335099294546
4.0,5.5,0.03,0.15,8.0,0.14819719422669275
10.0,5.0,0.07,0.15,8.0,0.2521764806174833
11.0,4.0,0.07,0.15,8.0,0.21905509634710613
11.0,4.5,0.07,0.15,8.0,0.2323426859397135
11.0,5.5,0.04,0.15,8.0,0.18326196472536727
10.0,3.0,0.05,0.15,8.0,0.16202472324845646
10.0,4.0,0.05,0.15,8.0,0.1854412833959375
10.0,4.0,0.07,0.15,8.0,0.22623230310723474
10.0,4.5,0.05,0.15,8.0,0.1958235194872116
12.0,3.5,0.05,0.15,8.0,0.16395436593399818
12.0,3.5,0.07,0.15,8.0,0.198147543631987
12.0,4.5,0.07,0.15,8.0,0.22514795861417997
1.0,0.7,0.07,0.15,14.0,0.10067836253726685
4.0,2.5,0.07,0.15,8.0,0.2044589602344191
4.0,3.0,0.05,0.15,10.0,0.18031849375960693
4.0,3.0,0.07,0.15,8.0,0.21751652736177865
4.0,5.5,0.04,0.15,8.0,0.1798891174525709
5.0,2.5,0.05,0.15,8.0,0.166969105703037
5.0,2.5,0.07,0.15,8.0,0.20696511040370585
5.0,3.0,0.05,0.15,13.0,0.18859662203169372
5.0,3.0,0.07,0.15,8.0,0.22209123775168194
1.0,3.5,0.05,0.15,8.0,0.07405576928359124
1.0,3.5,0.07,0.15,8.0,0.10705565667671008
1.0,6.0,0.04,0.15,8.0,0.078882149971442
2.0,1.5,0.07,0.15,8.0,0.14518116583566937
6.0,2.0,0.07,0.15,8.0,0.18544780157326327
6.0,2.5,0.05,0.15,8.0,0.16599377032757578
6.0,4.0,0.05,0.15,8.0,0.19966843342501128
6.0,5.5,0.04,0.15,8.0,0.1934570164706798
3.0,3.5,0.05,0.15,8.0,0.16935930627693396
3.0,4.0,0.07,0.15,8.0,0.21632076832622044
4.0,2.0,0.05,0.15,8.0,0.15166365374626534
4.0,2.5,0.05,0.15,13.0,0.174763781448563
2.0,2.5,0.05,0.15,8.0,0.1321937251866901
2.0,4.0,0.07,0.15,8.0,0.16886909330632352
2.0,5.0,0.07,0.15,8.0,0.15478112010865178
3.0,3.0,0.05,0.15,7.0,0.15743743012676215
1.0,0.8,0.07,0.15,13.0,0.10126873483123303
1.0,0.9,0.07,0.15,12.0,0.1012998112996468
1.0,1.5,0.07,0.15,10.0,0.10064955923418989
1.0,2.5,0.05,0.15,9.0,0.08367801203528794
7.0,5.0,0.04,0.15,8.0,0.18771994888528026
7.0,5.5,0.05,0.15,8.0,0.2247325441722056
8.0,2.0,0.07,0.15,8.0,0.1733645939004314
8.0,4.0,0.05,0.15,8.0,0.1949597806040343
6.0,5.5,0.05,0.15,8.0,0.2240197320764127
7.0,2.0,0.07,0.15,8.0,0.17977862709894046
7.0,4.0,0.05,0.15,8.0,0.19830515897063355
7.0,4.5,0.04,0.15,8.0,0.1803380963136387
8.0,4.5,0.05,0.15,8.0,0.2049918723741901
8.0,6.0,0.05,0.15,8.0,0.23078201556155054
9.0,4.0,0.04,0.15,8.0,0.16659262979206854
9.0,4.5,0.04,0.15,8.0,0.17527986945339555
9.0,4.5,0.05,0.15,8.0,0.20076653815249965
9.0,5.0,0.07,0.15,8.0,0.25908487058151974
9.0,5.5,0.07,0.15,8.0,0.27069220193012067
9.0,6.0,0.05,0.15,8.0,0.2275278435167335
5.0,5.0,0.04,0.15,8.0,0.1835814540874473
5.0,5.0,0.05,0.15,8.0,0.21286110692028248
5.0,5.5,0.05,0.15,8.0,0.21928173609870533
5.0,6.0,0.07,0.15,8.0,0.27960694094366706
10.0,3.0,0.04,0.15,8.0,0.14266253844795013
10.0,5.0,0.04,0.15,8.0,0.17964407173316188
12.0,4.5,0.04,0.15,8.0,0.16296115490642496
1.0,3.0,0.04,0.15,9.0,0.07561736433993238
8.0,6.0,0.04,0.15,8.0,0.200091041934768
9.0,5.5,0.04,0.15,8.0,0.19080008188960507
10.0,2.5,0.04,0.15,8.0,0.13109728460511103
10.0,4.5,0.04,0.15,8.0,0.17145664588837625
5.0,3.5,0.04,0.15,8.0,0.16311557824385955
5.0,4.5,0.04,0.15,8.0,0.17747150861604652
6.0,3.0,0.04,0.15,8.0,0.155151231691275
7.0,4.0,0.04,0.15,8.0,0.17227128320883855
10.0,5.5,0.04,0.15,8.0,0.1872987602676077
12.0,4.0,0.04,0.15,8.0,0.15416246648403614
12.0,5.0,0.04,0.15,8.0,0.17119942689627557
1.0,4.0,0.04,0.15,8.0,0.07055715734017222
5.0,4.0,0.04,0.15,8.0,0.1706957620286757
7.0,3.5,0.04,0.15,8.0,0.1633827057458237
7.0,5.5,0.04,0.15,8.0,0.194519545213089
8.0,3.0,0.04,0.15,8.0,0.1504710803517557
1.0,4.5,0.04,0.15,8.0,0.06451887288996302
2.0,5.5,0.04,0.15,8.0,0.13107605333171532
3.0,3.0,0.04,0.15,8.0,0.13981142813142095
3.0,4.0,0.04,0.15,8.0,0.15109073070215945
4.0,5.0,0.04,0.15,8.0,0.1752584853604397
4.0,6.0,0.04,0.15,8.0,0.18405618949554442
5.0,2.0,0.04,0.15,8.0,0.1330811090065489
5.0,2.5,0.04,0.15,8.0,0.14467455317248568
8.0,4.0,0.04,0.15,8.0,0.16995646166578227
8.0,5.0,0.04,0.15,8.0,0.18618196401246834
10.0,6.0,0.04,0.15,8.0,0.1944891435028513
11.0,3.0,0.04,0.15,8.0,0.13851247560481258
2.0,3.0,0.04,0.15,8.0,0.11886325686380536
2.0,6.0,0.04,0.15,8.0,0.13159751113269447
3.0,3.5,0.04,0.15,8.0,0.14589163464104077
3.0,4.5,0.04,0.15,8.0,0.15557285173864732
6.0,3.5,0.04,0.15,8.0,0.16451046611847733
6.0,4.5,0.04,0.15,8.0,0.18036863634055061
7.0,3.0,0.04,0.15,8.0,0.153483528226117
9.0,3.5,0.04,0.15,8.0,0.15713281189535597
9.0,6.0,0.04,0.15,8.0,0.19779887754569042
11.0,2.5,0.04,0.15,8.0,0.12705861847627897
11.0,4.5,0.04,0.15,8.0,0.1672749557336088
12.0,6.0,0.04,0.15,8.0,0.18629204350250644
11.0,5.0,0.04,0.15,8.0,0.1755220818329379
1.0,0.8,0.04,0.15,14.0,0.07197306776658503
1.0,5.0,0.04,0.15,8.0,0.05468109503845168
2.0,2.0,0.04,0.15,8.0,0.1075629264448536
8.0,3.5,0.04,0.15,8.0,0.1607048918551094
9.0,3.0,0.04,0.15,8.0,0.1467313489327502
9.0,5.0,0.04,0.15,8.0,0.1833179238337846
2.0,4.5,0.04,0.15,8.0,0.12824954758138818
2.0,5.0,0.04,0.15,8.0,0.12996495299065738
3.0,2.5,0.04,0.15,8.0,0.13260498362000353
3.0,5.5,0.04,0.15,8.0,0.16281716637773141
4.0,4.0,0.04,0.15,8.0,0.16428873270402256
5.0,6.0,0.04,0.15,8.0,0.1941913311850857
6.0,2.0,0.04,0.15,8.0,0.13208727021936312
6.0,2.5,0.04,0.15,8.0,0.14449012987888915
5.0,3.0,0.04,0.15,8.0,0.15453690596189787
6.0,4.0,0.04,0.15,8.0,0.17285137772801878
6.0,5.0,0.04,0.15,8.0,0.18720232737198836
7.0,6.0,0.04,0.15,8.0,0.20081622559840334
3.0,5.0,0.04,0.15,8.0,0.15945353925935407
3.0,6.0,0.04,0.15,8.0,0.16572696674951948
4.0,3.5,0.04,0.15,8.0,0.15772188527346326
4.0,4.5,0.04,0.15,8.0,0.17009059939105908
1.0,0.8,0.05,0.15,8.0,0.06966014667019241
1.0,3.5,0.04,0.15,9.0,0.07246719578432734
1.0,5.5,0.04,0.15,8.0,0.05512742192163672
2.0,4.0,0.04,0.15,8.0,0.12588616097760139
5.0,2.0,0.07,0.15,8.0,0.18913533122654363
5.0,2.5,0.08,0.15,8.0,0.22533596349870771
5.0,3.0,0.08,0.15,8.0,0.242055566145212
5.0,3.5,0.05,0.15,8.0,0.18883579345484078
1.0,0.6,0.08,0.15,14.0,0.10649391392370379
1.0,0.8,0.08,0.15,12.0,0.10782945958264131
1.0,1.0,0.07,0.15,12.0,0.10237241898893376
1.0,1.5,0.05,0.15,7.0,0.07657364823138064
3.0,1.5,0.08,0.15,8.0,0.17863838961926207
3.0,2.0,0.07,0.15,8.0,0.18010351356693266
3.0,2.5,0.08,0.15,8.0,0.2101780869871047
3.0,3.5,0.07,0.15,8.0,0.21035286017562319
4.0,3.5,0.07,0.15,8.0,0.22844648163906708
4.0,4.0,0.07,0.15,8.0,0.23765882141295044
4.0,4.0,0.08,0.15,8.0,0.2587301815711493
4.0,4.5,0.05,0.15,8.0,0.19734977813532456
2.0,3.5,0.07,0.15,8.0,0.1697779680289303
2.0,4.0,0.05,0.15,8.0,0.143901735973614
3.0,1.0,0.07,0.15,8.0,0.14131875001571476
3.0,1.5,0.05,0.15,8.0,0.13107144824168276
2.0,1.0,0.07,0.15,9.0,0.13344700937443035
2.0,1.5,0.08,0.15,8.0,0.1585451264343904
2.0,2.5,0.08,0.15,8.0,0.17684863060634656
2.0,3.0,0.05,0.15,7.0,0.1328001350673116
3.0,4.0,0.05,0.15,8.0,0.17511171009499443
3.0,4.0,0.08,0.15,8.0,0.23369736111230016
3.0,6.0,0.08,0.15,8.0,0.23405413679985396
4.0,2.0,0.07,0.15,8.0,0.18863671282527217
6.0,1.5,0.07,0.15,8.0,0.16297602941641198
6.0,3.0,0.08,0.15,8.0,0.24020055547787436
6.0,3.5,0.05,0.15,8.0,0.189765375948355
6.0,4.0,0.07,0.15,8.0,0.24801694951416892
6.0,4.5,0.05,0.15,8.0,0.20857821973065066
6.0,4.5,0.07,0.15,8.0,0.2594636465374991
6.0,4.5,0.08,0.15,8.0,0.2829053852765948
6.0,5.0,0.07,0.15,8.0,0.2697458870402603
7.0,2.5,0.05,0.15,8.0,0.16278109236645805
7.0,3.5,0.05,0.15,8.0,0.18774615586304164
7.0,4.5,0.07,0.15,8.0,0.2576569999510478
7.0,5.0,0.05,0.15,8.0,0.21666402813430655
8.0,4.5,0.07,0.15,8.0,0.25296082626806055
8.0,5.0,0.05,0.15,8.0,0.2142379402556899
8.0,5.0,0.07,0.15,8.0,0.26500216145299665
8.0,5.5,0.07,0.15,8.0,0.2761533451602248
5.0,4.0,0.07,0.15,8.0,0.24648006703956898
5.0,4.5,0.05,0.15,8.0,0.2057343834035331
5.0,4.5,0.08,0.15,8.0,0.2794899323855503
5.0,5.0,0.08,0.15,8.0,0.28877482465698556
8.0,6.0,0.08,0.15,8.0,0.31243624810277393
9.0,5.0,0.05,0.15,8.0,0.2103043241931411
9.0,5.0,0.08,0.15,8.0,0.28179074544998706
2.0,0.9,0.07,0.15,9.0,0.129092131066634
7.0,5.0,0.07,0.15,8.0,0.26901233737580754
7.0,6.0,0.08,0.15,8.0,0.3151100033155589
8.0,1.5,0.08,0.15,8.0,0.16251916002437292
8.0,2.5,0.05,0.15,8.0,0.15841097718570937
1.0,1.5,0.08,0.15,9.0,0.10542863820521552
1.0,3.0,0.05,0.15,5.0,0.07568801611914172
1.0,5.5,0.08,0.15,8.0,0.15709213574267547
1.0,6.0,0.07,0.15,8.0,1.2916462901724157
5.0,1.5,0.07,0.15,8.0,0.16756168695679569
5.0,4.0,0.05,0.15,8.0,0.1977801168403305
6.0,5.0,0.05,0.15,8.0,0.21665515239213937
7.0,3.0,0.05,0.15,7.0,0.17259772730251413
2.0,2.0,0.05,0.15,8.0,0.12518600285370582
2.0,2.0,0.07,0.15,8.0,0.1562623314957695
2.0,5.0,0.05,0.15,8.0,0.14594135939075675
3.0,4.5,0.05,0.15,8.0,0.17992987049310796
6.0,2.0,0.05,0.15,8.0,0.1513095193029039
7.0,1.5,0.07,0.15,8.0,0.15709653905679036
7.0,2.5,0.07,0.15,8.0,0.19920871871606688
9.0,2.5,0.05,0.15,8.0,0.15354430324405627
8.0,2.5,0.07,0.15,8.0,0.19282709114915936
9.0,3.0,0.07,0.15,8.0,0.203289715926806
9.0,3.5,0.05,0.15,8.0,0.1793220334032613
1.0,0.6,0.07,0.15,14.0,0.0979667736034899
4.0,1.5,0.07,0.15,8.0,0.16896021741230116
6.0,3.0,0.05,0.15,7.0,0.17479018805443464
6.0,6.0,0.05,0.15,8.0,0.23076524224857936
7.0,3.5,0.07,0.15,8.0,0.23149034172038635
7.0,6.0,0.05,0.15,8.0,0.23218863234733797
1.0,2.5,0.07,0.15,8.0,0.0871198858130431
1.0,4.5,0.05,0.15,8.0,0.06589772654085392
2.0,5.5,0.05,0.15,8.0,0.1453067056342657
3.0,5.5,0.05,0.15,8.0,0.1872707998824282
3.0,6.0,0.05,0.15,8.0,0.18996088205585554
4.0,3.5,0.05,0.15,8.0,0.18307849889052874
4.0,4.0,0.05,0.15,8.0,0.19069518454020148
9.0,3.0,0.05,0.15,8.0,0.16709705151054374
9.0,5.5,0.05,0.15,8.0,0.2191985131568635
1.0,2.0,0.05,0.15,10.0,0.08610203649857984
1.0,2.0,0.07,0.15,9.0,0.0949806646590482
3.0,1.5,0.07,0.15,8.0,0.16368140889439042
4.0,5.0,0.05,0.15,8.0,0.20319870362023384
5.0,1.5,0.05,0.15,8.0,0.1364988480670436
5.0,6.0,0.05,0.15,8.0,0.22508991227058905
9.0,4.0,0.05,0.15,8.0,0.1904838294746829
1.0,4.0,0.05,0.15,8.0,0.06074119851374421
1.0,5.0,0.05,0.15,8.0,0.14349179475934476
1.0,6.0,0.05,0.15,8.0,0.5215636024763861
2.0,2.5,0.07,0.15,8.0,0.16359811547184927
6.0,2.5,0.07,0.15,8.0,0.20440294541039866
6.0,6.0,0.04,0.15,8.0,0.19921309154652933
7.0,3.0,0.07,0.15,8.0,0.21627115236118352
7.0,4.5,0.05,0.15,8.0,0.20789339932423495
8.0,3.0,0.05,0.15,7.0,0.1689145771034227
8.0,3.5,0.05,0.15,8.0,0.18399799945016598
8.0,5.5,0.05,0.15,8.0,0.22280652356352876
9.0,2.0,0.07,0.15,8.0,0.16686196771953124
1.0,5.5,0.05,0.15,8.0,0.3437715598342419
2.0,1.0,0.05,0.15,10.0,0.10949021182709806
3.0,5.0,0.05,0.15,8.0,0.18395035325252124
4.0,1.5,0.05,0.15,8.0,0.13645308587335797
2.0,3.5,0.05,0.15,8.0,0.14126447692778799
2.0,4.5,0.05,0.15,8.0,0.14545164656843657
2.0,6.0,0.05,0.15,8.0,0.14334633192416968
3.0,3.0,0.07,0.15,8.0,0.20261274604800303
4.0,5.5,0.05,0.15,8.0,0.20835806124007067
4.0,6.0,0.05,0.15,8.0,0.21291668909993744
5.0,2.0,0.05,0.15,8.0,0.1532028257834559
5.0,3.5,0.07,0.15,8.0,0.23512948308839726
1.0,0.4,0.2,0.15,11.0,0.16118356880090307
1.0,0.5,0.1,0.15,14.0,0.11819469300682064
1.0,0.6,0.04,0.15,14.0,0.06736063466896375
1.0,1.0,0.1,0.15,10.0,0.11912472754598258
2.0,0.6,0.2,0.15,8.0,0.21307063112091157
2.0,0.8,0.04,0.15,12.0,0.09175967166088861
2.0,0.8,0.1,0.15,8.0,0.15120547483063457
2.0,2.5,0.2,0.15,8.0,0.3076313516875343
4.0,0.8,0.08,0.15,8.0,0.14109290422352044
4.0,0.9,0.05,0.15,8.0,0.11172745931997391
4.0,0.9,0.07,0.15,8.0,0.13704418426908171
4.0,0.9,0.08,0.15,8.0,0.14851396980672965
4.0,6.0,0.1,0.15,8.0,0.3118825596202052
5.0,0.8,0.1,0.15,8.0,0.1552267277840594
5.0,0.9,0.07,0.15,8.0,0.13371226749446558
5.0,1.0,0.05,0.15,8.0,0.11512638830366873
4.0,1.0,0.1,0.15,8.0,0.17789564680043188
4.0,1.5,0.2,0.15,8.0,0.3283083115747099
4.0,3.5,0.08,0.15,8.0,0.24901816243407124
4.0,3.5,0.2,0.15,8.0,0.36179150340163224
3.0,0.7,0.1,0.15,8.0,0.15342176038156075
3.0,1.0,0.05,0.15,8.0,0.11375624366774728
3.0,5.0,0.1,0.15,8.0,0.2516965875784101
3.0,6.0,0.1,0.15,8.0,0.575523564945388
5.0,1.0,0.1,0.15,8.0,0.17250071792138894
5.0,1.5,0.04,0.15,8.0,0.11898638131620284
5.0,3.5,0.2,0.15,8.0,0.4400993469185179
5.0,4.0,0.08,0.15,8.0,0.2687699992990236
2.0,5.0,0.1,0.15,8.0,1.0221146337561655
2.0,5.5,0.08,0.15,8.0,0.3431984693541029
2.0,6.0,0.1,0.15,8.0,0.20255386128418348
3.0,0.7,0.07,0.15,8.0,0.1230250073044782
8.0,1.5,0.04,0.15,8.0,0.11048284494543612
8.0,2.0,0.04,0.15,8.0,0.125887760319247
8.0,3.5,0.1,0.15,8.0,0.28123206930465483
9.0,0.8,0.2,0.15,8.0,0.1851294305906629
4.0,4.5,0.2,0.15,8.0,0.41113266393654146
4.0,5.0,0.1,0.15,8.0,0.3090108863901614
4.0,5.5,0.1,0.15,8.0,0.31182162514694356
4.0,6.0,0.08,0.15,8.0,0.282212643557151
6.0,4.5,0.2,0.15,8.0,0.47916242780280605
6.0,5.0,0.1,0.15,8.0,0.33943369599460554
7.0,3.0,0.08,0.15,8.0,0.23477406265932615
7.0,3.5,0.1,0.15,8.0,0.2897858542705508
9.0,0.9,0.2,0.15,8.0,0.19707871192971452
9.0,1.5,0.04,0.15,8.0,0.10669213281047138
9.0,1.5,0.08,0.15,8.0,0.15581201578735798
9.0,2.0,0.04,0.15,8.0,0.1220056306080686
7.0,3.5,0.2,0.15,8.0,0.4565945439430742
7.0,4.0,0.1,0.15,8.0,0.3079315962747743
7.0,4.5,0.08,0.15,8.0,0.2807037052049635
7.0,4.5,0.2,0.15,8.0,0.49988996533967883
5.0,4.5,0.2,0.15,8.0,1.1960262582969012
5.0,5.5,0.1,0.15,8.0,0.3393466435121526
6.0,0.9,0.07,0.15,8.0,0.1285924412383393
6.0,3.5,0.2,0.15,8.0,0.4581261730302234
9.0,2.0,0.1,0.15,8.0,0.20392537106404773
9.0,2.0,0.2,0.15,8.0,0.30643091459838145
9.0,3.0,0.1,0.15,8.0,0.25099193510689705
9.0,6.0,0.08,0.15,8.0,0.30683848609933395
7.0,2.0,0.08,0.15,8.0,0.19441050745726324
7.0,3.5,0.08,0.15,8.0,0.2516681494071871
7.0,5.5,0.07,0.15,8.0,0.27940329944966924
8.0,3.5,0.07,0.15,8.0,0.22570108999085856
5.0,5.0,0.07,0.15,8.0,0.2651575131727798
6.0,3.0,0.07,0.15,8.0,0.22080206143772424
6.0,5.5,0.08,0.15,8.0,0.3041488840130441
6.0,6.0,0.08,0.15,8.0,0.3130870632870184
1.0,0.7,0.08,0.15,13.0,0.10754312909856814
1.0,1.5,0.1,0.15,8.0,0.11253969852924549
1.0,3.0,0.1,0.15,8.0,0.521543598600231
1.0,4.5,0.07,0.15,8.0,0.62285815724275
8.0,5.0,0.08,0.15,8.0,0.2886032163684583
9.0,2.5,0.07,0.15,8.0,0.186081324214649
9.0,2.5,0.08,0.15,8.0,0.20089934543257365
9.0,2.5,0.1,0.15,8.0,0.22860322202583278
4.0,3.0,0.08,0.15,8.0,0.23726471735809662
4.0,4.5,0.08,0.15,8.0,0.2667121357346883
5.0,1.5,0.1,0.15,8.0,0.20803058145673575
5.0,4.5,0.07,0.15,8.0,0.2564213623833741
3.0,2.5,0.07,0.15,8.0,0.19272956600368849
3.0,2.5,0.1,0.15,8.0,0.24194806151232315
3.0,5.5,0.07,0.15,8.0,0.22543897673506552
4.0,2.5,0.08,0.15,8.0,0.22302167594133027
1.0,5.0,0.07,0.15,8.0,0.8503683990787549
1.0,6.0,0.08,0.15,8.0,0.16695166471183492
2.0,1.0,0.1,0.15,8.0,0.16289478079902697
2.0,3.5,0.08,0.15,8.0,0.17909667167860732
9.0,6.0,0.07,0.15,8.0,0.28157186920448707
1.0,0.9,0.08,0.15,12.0,0.10904950340859434
1.0,1.0,0.08,0.15,11.0,0.10842871086592157
1.0,2.0,0.08,0.15,8.0,0.09873413216511259
2.0,4.0,0.08,0.15,8.0,0.17347949340779478
2.0,5.0,0.08,0.15,8.0,0.13781988551783167
3.0,1.0,0.08,0.15,8.0,0.15392265929876764
3.0,2.0,0.08,0.15,8.0,0.19661124270043295
7.0,4.0,0.08,0.15,8.0,0.26689837376825143
7.0,5.0,0.1,0.15,8.0,0.33898638621903865
7.0,6.0,0.07,0.15,8.0,0.2889323496266187
8.0,3.0,0.07,0.15,8.0,0.21011064643516816
5.0,3.5,0.08,0.15,8.0,0.2563916910755096
5.0,3.5,0.1,0.15,8.0,0.29606242359393914
5.0,5.5,0.07,0.15,8.0,0.27284477930656487
6.0,3.5,0.07,0.15,8.0,0.23521606202323975
8.0,4.0,0.07,0.15,8.0,0.2399124457478102
8.0,5.5,0.08,0.15,8.0,0.3009807830322939
8.0,5.5,0.1,0.15,8.0,0.34814604633337237
9.0,1.5,0.1,0.15,8.0,0.17608098971466202
2.0,3.0,0.08,0.15,8.0,0.17987293115013672
2.0,4.5,0.08,0.15,8.0,0.1592465198116706
2.0,5.5,0.1,0.15,8.0,0.19133633238980546
3.0,1.5,0.1,0.15,8.0,0.20654720356972828
6.0,5.0,0.08,0.15,8.0,0.29413027815707604
6.0,5.5,0.07,0.15,8.0,0.27900877760784887
6.0,6.0,0.1,0.15,8.0,0.3598987914010613
7.0,2.5,0.08,0.15,8.0,0.21586836278500177
9.0,2.0,0.08,0.15,8.0,0.1798223410309234
9.0,3.0,0.08,0.15,8.0,0.2198563569640331
9.0,3.5,0.08,0.15,8.0,0.23716789163592883
9.0,4.0,0.1,0.15,8.0,0.2906974565631226
9.0,4.5,0.08,0.15,8.0,0.26796238393384697
9.0,4.5,0.1,0.15,8.0,0.3085069947361629
1.0,0.8,0.2,0.15,8.0,0.14949427033634477
1.0,2.0,0.1,0.15,8.0,0.08271235669990706
1.0,3.0,0.07,0.15,8.0,0.06366923588924178
1.0,3.5,0.1,0.15,8.0,0.8503358105743393
1.0,5.5,0.07,0.15,8.0,1.0717286768704306
2.0,3.0,0.07,0.15,8.0,0.1679960092226621
1.0,5.5,0.1,0.15,8.0,0.2000317304026633
2.0,0.9,0.08,0.15,8.0,0.13577231925572517
2.0,1.0,0.08,0.15,8.0,0.14052599242821612
2.0,1.5,0.1,0.15,8.0,0.18297682151385805
3.0,4.5,0.07,0.15,8.0,0.2207508575234196
3.0,5.0,0.07,0.15,8.0,0.22377775051949056
3.0,6.0,0.07,0.15,8.0,0.22564017405604747
4.0,4.5,0.1,0.15,8.0,0.3038959766074617
4.0,5.0,0.08,0.15,8.0,0.2731887837896425
4.0,5.5,0.08,0.15,8.0,0.2783212633938116
5.0,1.5,0.08,0.15,8.0,0.18169710508105602
5.0,2.0,0.08,0.15,8.0,0.20558202609290654
2.0,2.0,0.08,0.15,8.0,0.16999591384286838
2.0,3.5,0.2,0.15,8.0,0.286545439914811
2.0,5.5,0.07,0.15,8.0,0.13576730504896262
3.0,3.0,0.08,0.15,8.0,0.22049052900711757
9.0,3.5,0.2,0.15,8.0,0.4278688786429257
9.0,4.0,0.07,0.15,8.0,0.23333579197398152
9.0,4.5,0.07,0.15,8.0,0.24666832662515034
9.0,5.5,0.08,0.15,8.0,0.2947238096306414
3.0,3.5,0.2,0.15,8.0,0.3628740811058835
3.0,4.5,0.08,0.15,8.0,0.23718693461607682
4.0,2.5,0.1,0.15,8.0,0.25761896637783593
4.0,3.5,0.1,0.15,8.0,0.28655603741086527
7.0,5.0,0.08,0.15,8.0,0.2932573892691812
7.0,6.0,0.1,0.15,8.0,0.36394415886379866
8.0,2.5,0.08,0.15,8.0,0.20853043081884282
8.0,4.0,0.08,0.15,8.0,0.2607044579715792
6.0,3.5,0.08,0.15,8.0,0.2561742483415368
6.0,5.5,0.1,0.15,8.0,0.3504280003994593
7.0,1.5,0.2,0.15,8.0,0.28878690622942654
7.0,4.0,0.2,0.15,8.0,0.48218289034346795
8.0,4.5,0.1,0.15,8.0,0.31751085379551497
8.0,6.0,0.07,0.15,8.0,0.2865049549407314
9.0,1.5,0.2,0.15,8.0,0.26025436922782036
9.0,3.5,0.1,0.15,8.0,0.27158919528811665
5.0,5.5,0.08,0.15,8.0,0.2967991473533725
6.0,1.5,0.08,0.15,8.0,0.17621926056761622
6.0,1.5,0.1,0.15,8.0,0.20082809791778738
6.0,2.0,0.08,0.15,8.0,0.20101996949349127
1.0,3.5,0.08,0.15,8.0,0.3804703096768472
1.0,4.0,0.08,0.15,8.0,0.6559937221886453
1.0,4.5,0.1,0.15,8.0,0.17466342517294225
1.0,5.0,0.08,0.15,8.0,1.1659497791352798
4.0,4.5,0.07,0.15,8.0,0.2454359694200559
4.0,5.0,0.07,0.15,8.0,0.2519820935988878
4.0,6.0,0.07,0.15,8.0,0.26195020581182926
5.0,4.5,0.1,0.15,8.0,0.32175582328485797
9.0,5.5,0.1,0.15,8.0,0.34067085938495484
1.0,2.0,0.2,0.15,8.0,0.20929545579950048
1.0,2.5,0.08,0.15,8.0,0.07516247403680913
1.0,3.0,0.08,0.15,8.0,0.10164687993337779
5.0,6.0,0.1,0.15,8.0,0.34560876789637085
6.0,2.5,0.08,0.15,8.0,0.22201328620938282
6.0,3.5,0.1,0.15,8.0,0.295634164219689
6.0,4.0,0.08,0.15,8.0,0.27031960763749585
3.0,5.0,0.08,0.15,8.0,0.23869283486883727
3.0,5.5,0.08,0.15,8.0,0.23795075063627832
3.0,5.5,0.1,0.15,8.0,0.22850916577829525
4.0,1.5,0.08,0.15,8.0,0.18382482478128115
6.0,6.0,0.07,0.15,8.0,0.2873674697163562
7.0,1.5,0.08,0.15,8.0,0.16948022852841085
7.0,4.0,0.07,0.15,8.0,0.24520694865837067
7.0,5.5,0.08,0.15,8.0,0.304691187815601
4.0,1.5,0.1,0.15,8.0,0.21158663238610312
4.0,2.0,0.08,0.15,8.0,0.2055989666902659
4.0,5.5,0.07,0.15,8.0,0.2574491056333751
5.0,6.0,0.08,0.15,8.0,0.3037036006007394
2.0,0.8,0.08,0.15,9.0,0.1357973505939991
2.0,3.5,0.1,0.15,8.0,0.18013797643173723
2.0,4.5,0.07,0.15,8.0,0.1645806767878152
2.0,6.0,0.07,0.15,8.0,0.1796075681580766
1.0,4.0,0.07,0.15,8.0,0.3804824618938497
1.0,4.0,0.1,0.15,8.0,1.1659184680046362
1.0,4.5,0.08,0.15,8.0,0.9139758125030084
1.0,5.0,0.1,0.15,8.0,0.1880411778783324
9.0,3.5,0.07,0.15,8.0,0.21894328600296484
9.0,4.0,0.08,0.15,8.0,0.25313556363380996
9.0,6.0,0.1,0.15,8.0,0.35515192714976385
7.0,5.5,0.1,0.15,8.0,0.3521726913356965
8.0,2.0,0.08,0.15,8.0,0.1871131109766177
8.0,2.5,0.1,0.15,8.0,0.2379346777263895
8.0,3.0,0.08,0.15,8.0,0.22763038409882982
8.0,3.5,0.08,0.15,8.0,0.2449149981121727
8.0,4.0,0.1,0.15,8.0,0.30013633630910797
8.0,4.5,0.08,0.15,8.0,0.2752157996807714
8.0,5.0,0.1,0.15,8.0,0.3334844705819578
2.0,6.0,0.08,0.15,8.0,0.8181145531029272
3.0,1.0,0.1,0.15,8.0,0.1774334932361717
3.0,3.5,0.08,0.15,8.0,0.22820083293691695
3.0,4.5,0.1,0.15,8.0,0.2598012862400444
8.0,0.7,0.08,0.15,8.0,0.11149074670981048
8.0,0.9,0.07,0.15,8.0,0.11758944998124955
8.0,1.5,0.03,0.15,8.0,0.09392505338869632
9.0,0.9,0.05,0.15,8.0,0.0941862735010396
6.0,0.5,0.1,0.15,8.0,0.11746773137404208
6.0,0.6,0.07,0.15,8.0,0.10602084585458496
6.0,0.7,0.07,0.15,8.0,0.11414020622741296
6.0,0.8,0.05,0.15,8.0,0.10091431640493706
6.0,0.8,0.07,0.15,8.0,0.12162640490198018
6.0,0.8,0.08,0.15,8.0,0.1309247205347718
6.0,1.0,0.04,0.15,8.0,0.09835418075532772
7.0,0.6,0.1,0.15,8.0,0.12203173938854253
5.0,0.6,0.08,0.15,8.0,0.11952283238126712
5.0,0.7,0.04,0.15,9.0,0.08841649293142538
5.0,0.7,0.07,0.15,8.0,0.11919910403407212
5.0,0.7,0.08,0.15,8.0,0.12850341385238762
7.0,0.7,0.07,0.15,8.0,0.10889899422206667
7.0,1.0,0.04,0.15,8.0,0.09504893554523317
7.0,1.5,0.03,0.15,8.0,0.0965783635451534
8.0,0.6,0.1,0.15,8.0,0.11607269378226137
1.0,0.4,0.04,0.15,14.0,0.060651711120835186
2.0,0.6,0.03,0.15,14.0,0.07112966470473377
3.0,0.5,0.05,0.15,8.0,0.0873525279400417
3.0,0.6,0.08,0.15,8.0,0.12545036112603497
3.0,0.8,0.04,0.15,10.0,0.09584892470087629
4.0,0.3,0.2,0.15,8.0,0.14815061729523865
4.0,0.6,0.07,0.15,8.0,0.1149227466065759
4.0,0.7,0.04,0.15,9.0,0.09031831771967135
9.0,0.9,0.07,0.15,8.0,0.11251712036759234
9.0,1.0,0.07,0.15,8.0,0.11854982952655985
1.0,6.0,0.1,0.15,8.0,0.23117185015104158
2.0,0.5,0.1,0.15,10.0,0.13779978552192268
8.0,2.0,0.2,0.15,8.0,0.322221119482076
8.0,3.5,0.2,0.15,8.0,0.4446315562021368
8.0,4.0,0.2,0.15,8.0,0.4765859011184397
8.0,6.0,0.1,0.15,8.0,0.3615622495255814
6.0,1.5,0.03,0.15,8.0,0.09862541353738552
6.0,4.5,0.1,0.15,8.0,0.32675861280777346
7.0,4.5,0.1,0.15,8.0,0.32427985595002196
8.0,1.5,0.07,0.15,8.0,0.15090063647148055
4.0,1.5,0.03,0.15,8.0,0.09813851717033563
5.0,0.9,0.08,0.15,8.0,0.14440038775754604
5.0,0.9,0.2,0.15,8.0,0.24531501895294605
5.0,5.0,0.1,0.15,8.0,0.33145017056319503
9.0,1.0,0.2,0.15,8.0,0.20850778453096336
9.0,2.0,0.03,0.15,8.0,0.10370792147580639
9.0,2.0,0.05,0.15,8.0,0.13825886686028055
9.0,5.0,0.1,0.15,8.0,0.32513903639501057
2.0,0.8,0.05,0.15,11.0,0.10473086025356075
2.0,1.0,0.03,0.15,8.0,0.07213915227818866
2.0,4.5,0.1,0.15,8.0,0.47322578898473466
3.0,0.9,0.07,0.15,8.0,0.13576199965195995
1.0,0.4,0.08,0.15,14.0,0.09764488877993568
1.0,0.5,0.04,0.15,14.0,0.06434654418201113
1.0,0.5,0.07,0.15,14.0,0.0942507856877834
1.0,0.6,0.05,0.15,14.0,0.07847846933564394
3.0,3.5,0.1,0.15,8.0,0.25854774578119516
3.0,4.0,0.2,0.15,8.0,0.3334388000510793
4.0,0.7,0.2,0.15,8.0,0.2274299438325773
4.0,1.0,0.05,0.15,8.0,0.11656957044210683
7.0,1.0,0.08,0.15,8.0,0.13926941683389737
8.0,1.0,0.08,0.15,8.0,0.13305428057676683
8.0,4.5,0.2,0.15,8.0,0.5023008360106301
9.0,2.5,0.03,0.15,8.0,0.11450512023369173
6.0,0.9,0.08,0.15,8.0,0.13852202943422853
6.0,1.5,0.04,0.15,8.0,0.11719582532376653
6.0,2.0,0.03,0.15,8.0,0.11065678192781928
6.0,4.0,0.2,0.15,8.0,0.47379820225522057
4.0,0.8,0.07,0.15,8.0,0.13031608576645676
4.0,1.5,0.04,0.15,8.0,0.11826049385802906
4.0,4.0,0.2,0.15,8.0,0.46585643282220596
5.0,1.5,0.03,0.15,8.0,0.09946827453706303
1.0,3.5,0.2,0.15,8.0,0.40324986113543887
2.0,0.7,0.08,0.15,9.0,0.12981006885008506
3.0,0.8,0.07,0.15,8.0,0.12969847989963945
3.0,1.0,0.04,0.15,9.0,0.10131177935922969
2.0,0.6,0.07,0.15,11.0,0.11956501190405523
2.0,0.6,0.08,0.15,10.0,0.12717321846323368
2.0,0.7,0.04,0.15,13.0,0.08955019589079374
2.0,0.8,0.07,0.15,9.0,0.12424905859760291
5.0,1.0,0.08,0.15,8.0,0.15154173820757805
6.0,1.0,0.07,0.15,8.0,0.13512085244601132
6.0,1.5,0.05,0.15,8.0,0.13375983258289642
7.0,0.9,0.08,0.15,8.0,0.1322896618516947
2.0,1.0,0.04,0.15,11.0,0.09621592037276136
3.0,0.7,0.08,0.15,8.0,0.13366353548744053
3.0,0.8,0.08,0.15,8.0,0.14105154976626025
3.0,0.9,0.04,0.15,10.0,0.09991610003812648
3.0,0.9,0.08,0.15,8.0,0.14776758267862156
4.0,1.0,0.04,0.15,8.0,0.10149586417646028
4.0,1.0,0.07,0.15,8.0,0.143269541713368
5.0,1.0,0.07,0.15,8.0,0.1402140229644026
9.0,1.0,0.1,0.15,8.0,0.14330976763661946
1.0,0.4,0.07,0.15,14.0,0.08926702488056877
1.0,0.5,0.08,0.15,14.0,0.10282954960303253
1.0,0.7,0.03,0.15,18.0,0.06089026248561486
6.0,1.0,0.08,0.15,8.0,0.1456544251147096
7.0,0.8,0.1,0.15,8.0,0.14085011490172655
7.0,1.0,0.07,0.15,8.0,0.12943966500095355
7.0,1.5,0.04,0.15,8.0,0.1141201283176283
1.0,0.7,0.04,0.15,14.0,0.0698670742936519
2.0,0.7,0.07,0.15,10.0,0.12267997457174183
2.0,0.9,0.04,0.15,12.0,0.09505322184095978
3.0,1.5,0.03,0.15,8.0,0.09304541726390876
9.0,3.0,0.2,0.15,8.0,0.38979494206232257
9.0,4.0,0.2,0.15,8.0,0.4629431753538803
9.0,4.5,0.2,0.15,8.0,0.49394187390614813
4.0,0.7,0.08,0.15,8.0,0.13302237538329204
4.0,0.7,0.1,0.15,8.0,0.15155854492005158
4.0,1.0,0.08,0.15,8.0,0.15538969104449363
5.0,4.0,0.2,0.15,8.0,0.43550223543071476
9.0,0.7,0.2,0.15,8.0,0.17254712224223567
9.0,1.5,0.05,0.15,8.0,0.12056197537340543
9.0,1.5,0.07,0.15,8.0,0.1448573138189839
9.0,2.5,0.2,0.15,8.0,0.34932584065259065
5.0,0.8,0.03,0.15,9.0,0.07897198093284621
6.0,0.3,0.2,0.15,8.0,0.1309054849086281
6.0,0.6,0.05,0.15,8.0,0.0883055881525475
6.0,0.7,0.03,0.15,9.0,0.07248948818865632
9.0,0.6,0.05,0.15,8.0,0.07724110310773664
9.0,0.7,0.04,0.15,8.0,0.0741085577195664
9.0,0.7,0.05,0.15,8.0,0.08330710316761426
9.0,0.9,0.03,0.15,8.0,0.07175263010741774
3.0,0.5,0.04,0.15,13.0,0.08458821891691423
3.0,0.6,0.03,0.15,13.0,0.0750924297080778
4.0,0.6,0.04,0.15,10.0,0.08646658367559928
5.0,0.6,0.03,0.15,10.0,0.07106073327946562
8.0,0.5,0.07,0.15,8.0,0.0879941314572259
8.0,0.7,0.04,0.15,8.0,0.0772619274085525
8.0,0.8,0.04,0.15,8.0,0.0823413075823873
9.0,0.3,0.2,0.15,8.0,0.11137623974268299
6.0,0.7,0.04,0.15,8.0,0.08383106292574674
7.0,0.5,0.05,0.15,8.0,0.07736218448775131
7.0,0.8,0.03,0.15,8.0,0.07316645583941939
8.0,0.4,0.1,0.15,8.0,0.09469986501743956
3.0,1.0,0.03,0.15,10.0,0.08561544605857711
4.0,0.9,0.04,0.15,8.0,0.09740197571784547
5.0,0.8,0.07,0.15,8.0,0.12673725966376312
5.0,0.8,0.08,0.15,8.0,0.13675260426397778
2.0,0.4,0.08,0.15,12.0,0.11570989997779282
2.0,0.5,0.05,0.15,14.0,0.09494151976302737
2.0,0.5,0.08,0.15,11.0,0.12255878516893928
2.0,0.6,0.04,0.15,14.0,0.08658010273944727
2.0,0.3,0.08,0.15,14.0,0.10785902934387251
2.0,0.4,0.05,0.15,14.0,0.08810697067548928
3.0,0.3,0.1,0.15,10.0,0.1128932774711571
3.0,0.5,0.03,0.15,14.0,0.07108919927422472
5.0,0.9,0.04,0.15,8.0,0.09648721341922187
5.0,1.0,0.03,0.15,8.0,0.08483428474608658
7.0,0.5,0.2,0.15,8.0,0.1606730002052309
7.0,0.9,0.07,0.15,8.0,0.1230232536938208
9.0,0.8,0.1,0.15,8.0,0.12800927939244655
9.0,0.9,0.08,0.15,8.0,0.12073869976941462
9.0,0.9,0.1,0.15,8.0,0.1358654043694932
2.0,0.4,0.1,0.15,11.0,0.13042962356385351
6.0,0.9,0.04,0.15,8.0,0.09386730507842064
8.0,0.8,0.08,0.15,8.0,0.11912906625459851
9.0,0.6,0.2,0.15,8.0,0.1591764973537741
9.0,0.8,0.08,0.15,8.0,0.11383844657616227
5.0,0.9,0.03,0.15,9.0,0.08286997145721323
6.0,0.7,0.08,0.15,8.0,0.1227751799281197
7.0,0.8,0.08,0.15,8.0,0.12488104441794654
7.0,1.0,0.05,0.15,8.0,0.10756908757517628
4.0,0.7,0.05,0.15,9.0,0.1033636961799188
4.0,0.8,0.04,0.15,9.0,0.09527768929410586
5.0,0.5,0.1,0.15,8.0,0.12383011233586233
5.0,0.6,0.07,0.15,8.0,0.11097486246000675
3.0,0.5,0.1,0.15,8.0,0.13278544240297088
3.0,0.7,0.04,0.15,11.0,0.0930856247374219
4.0,0.5,0.08,0.15,8.0,0.11430076626470909
5.0,0.8,0.04,0.15,8.0,0.09176928413838414
9.0,1.0,0.08,0.15,8.0,0.12726349557241026
1.0,0.3,0.07,0.15,14.0,0.08253262213660628
2.0,0.5,0.07,0.15,12.0,0.11482255038064375
3.0,0.3,0.2,0.15,8.0,0.15618788310250414
8.0,0.7,0.1,0.15,8.0,0.12541853993170238
8.0,0.8,0.07,0.15,8.0,0.1109745411929569
8.0,0.9,0.08,0.15,8.0,0.12629137204868662
8.0,1.0,0.07,0.15,8.0,0.12382699211413514
7.0,0.7,0.08,0.15,8.0,0.11696220215389831
7.0,0.8,0.07,0.15,8.0,0.11620193266023213
9.0,0.5,0.2,0.15,8.0,0.14479354989538332
9.0,0.7,0.1,0.15,8.0,0.11966064271157852
1.0,0.3,0.08,0.15,14.0,0.09040899343058822
2.0,0.5,0.04,0.15,14.0,0.081716739509416
3.0,0.5,0.07,0.15,10.0,0.11401082074354525
4.0,0.7,0.07,0.15,8.0,0.12298710486217256
5.0,1.0,0.04,0.15,8.0,0.10085718027058899
6.0,0.6,0.08,0.15,8.0,0.11395371559724646
6.0,1.0,0.03,0.15,8.0,0.0832735481966118
3.0,0.5,0.08,0.15,9.0,0.12035540282779447
3.0,0.6,0.07,0.15,9.0,0.11958544722753536
4.0,0.5,0.1,0.15,8.0,0.12970092691425433
4.0,0.6,0.08,0.15,8.0,0.12415979920021684
6.0,0.4,0.05,0.15,8.0,0.07289797045355599
7.0,0.6,0.03,0.15,8.0,0.06412805603382843
8.0,0.3,0.04,0.15,10.0,0.05229011956075009
8.0,0.4,0.03,0.15,8.0,0.05075053304995185
8.0,1.0,0.04,0.15,8.0,0.09150654986978309
9.0,0.6,0.1,0.15,8.0,0.11070844600199828
9.0,0.7,0.08,0.15,8.0,0.10649004694394272
9.0,0.8,0.07,0.15,8.0,0.106129770639382
9.0,1.0,0.05,0.15,8.0,0.0991378383657863
2.0,0.3,0.1,0.15,13.0,0.1221110996808539
3.0,0.4,0.07,0.15,11.0,0.10617539381841813
3.0,0.7,0.03,0.15,12.0,0.07830367251232762
8.0,0.4,0.04,0.15,9.0,0.059667205206769935
8.0,0.4,0.07,0.15,8.0,0.07878197142399296
8.0,0.5,0.04,0.15,8.0,0.06571444484862941
9.0,0.3,0.04,0.15,10.0,0.04979920246040017
9.0,0.3,0.1,0.15,8.0,0.07811823481257398
9.0,0.4,0.03,0.15,10.0,0.049442633784901775
9.0,0.4,0.1,0.15,8.0,0.0902673275951551
2.0,0.4,0.07,0.15,13.0,0.1081763637124721
3.0,0.6,0.04,0.15,12.0,0.08936027113976115
4.0,0.8,0.03,0.15,10.0,0.08114945569933604
6.0,0.8,0.04,0.15,8.0,0.08904784199785057
7.0,0.6,0.08,0.15,8.0,0.10842146251294311
5.0,0.3,0.05,0.15,8.0,0.06672526801497151
6.0,0.3,0.05,0.15,8.0,0.06349593431537925
6.0,0.3,0.08,0.15,8.0,0.08119462489492336
6.0,0.4,0.04,0.15,10.0,0.06664453591862292
2.0,0.3,0.04,0.15,14.0,0.06886919801087062
3.0,0.3,0.05,0.15,8.0,0.07076762380484225
4.0,0.3,0.05,0.15,8.0,0.0695713320463306
4.0,0.3,0.07,0.15,11.0,0.0895443918674304
9.0,1.0,0.03,0.15,8.0,0.07540459217183662
9.0,0.7,0.07,0.15,8.0,0.09931950474047282
9.0,0.9,0.04,0.15,8.0,0.08367015964912954
9.0,1.0,0.04,0.15,8.0,0.08800971540925505
1.0,0.4,0.03,0.15,14.0,0.049510878229280166
7.0,0.8,0.04,0.15,8.0,0.0857463027967803
7.0,1.0,0.03,0.15,8.0,0.08088834258938574
8.0,0.9,0.04,0.15,8.0,0.08707087226462615
8.0,1.0,0.03,0.15,8.0,0.0781753607123778
4.0,0.4,0.1,0.15,8.0,0.11675500791976083
4.0,0.5,0.07,0.15,9.0,0.10888311276773074
6.0,0.8,0.03,0.15,8.0,0.07562584810660626
7.0,0.5,0.1,0.15,8.0,0.11141946348404153
8.0,0.4,0.2,0.15,8.0,0.13565331959763152
8.0,0.6,0.07,0.15,8.0,0.09629748178086431
8.0,0.7,0.07,0.15,8.0,0.10391019042581888
9.0,0.4,0.2,0.15,8.0,0.12905381356194362
9.0,0.6,0.08,0.15,8.0,0.09859362838644055
1.0,0.3,0.04,0.15,14.0,0.05596691075761599
2.0,0.4,0.04,0.15,14.0,0.07595613529531395
3.0,0.4,0.08,0.15,10.0,0.11251707792502237
6.0,0.5,0.08,0.15,8.0,0.10428839433212533
6.0,0.9,0.03,0.15,8.0,0.07959219467413965
7.0,0.9,0.04,0.15,8.0,0.09055417138527692
8.0,0.8,0.05,0.15,8.0,0.0927832690858286
4.0,0.6,0.05,0.15,9.0,0.09689074824415063
5.0,0.5,0.07,0.15,8.0,0.10188843386268537
5.0,0.5,0.08,0.15,8.0,0.10962448990965626
7.0,0.6,0.07,0.15,8.0,0.1010092688722747
8.0,0.5,0.1,0.15,8.0,0.1059193167765286
8.0,0.3,0.08,0.15,8.0,0.07312752385439847
4.0,0.7,0.03,0.15,11.0,0.07819697860123383
5.0,0.6,0.04,0.15,9.0,0.0826674750547593
4.0,0.5,0.05,0.15,10.0,0.09144849779826833
8.0,0.6,0.08,0.15,8.0,0.10327117963739342
8.0,0.6,0.03,0.15,8.0,0.06159067914233311
9.0,0.3,0.03,0.15,11.0,0.04319196766164285
9.0,0.4,0.05,0.15,8.0,0.06325503105558283
9.0,0.4,0.08,0.15,8.0,0.0805044853269986
9.0,0.5,0.03,0.15,9.0,0.0547027693411308
9.0,0.5,0.04,0.15,8.0,0.06291000169179305
9.0,0.5,0.07,0.15,8.0,0.08401402410209177
9.0,0.5,0.1,0.15,8.0,0.10099263699869651
9.0,0.6,0.03,0.15,8.0,0.05914134023574711
9.0,0.6,0.04,0.15,8.0,0.06876173867688604
9.0,0.6,0.07,0.15,8.0,0.09199256857124673
9.0,0.8,0.03,0.15,8.0,0.06785837335596984
7.0,0.5,0.04,0.15,9.0,0.0696935602998207
7.0,0.9,0.03,0.15,8.0,0.07716318991596462
8.0,0.3,0.05,0.15,8.0,0.05747086844580365
8.0,0.4,0.08,0.15,8.0,0.08440138348659419
6.0,0.6,0.04,0.15,8.0,0.07812850577615763
7.0,0.3,0.03,0.15,8.0,0.046246047416342174
7.0,0.3,0.1,0.15,8.0,0.08633037608066041
7.0,0.4,0.05,0.15,8.0,0.06944296664854711
1.0,0.3,0.03,0.15,14.0,0.04569577277333235
3.0,0.3,0.04,0.15,14.0,0.07017344984183328
3.0,0.3,0.08,0.15,12.0,0.10340675018547375
3.0,0.4,0.04,0.15,14.0,0.0785581998814009
4.0,0.3,0.04,0.15,14.0,0.06745813823078098
4.0,0.4,0.03,0.15,8.0,0.05890394500436233
4.0,0.4,0.08,0.15,9.0,0.10608260914719489
4.0,0.5,0.03,0.15,8.0,0.06459488031542299
5.0,0.4,0.05,0.15,8.0,0.07634183394517005
5.0,0.5,0.05,0.15,8.0,0.08460858470532592
6.0,0.4,0.07,0.15,8.0,0.0871484185778162
6.0,0.4,0.08,0.15,8.0,0.09351599237634614
4.0,0.4,0.04,0.15,12.0,0.07500504548229592
4.0,0.4,0.07,0.15,9.0,0.09841407272886826
5.0,0.3,0.08,0.15,9.0,0.0876766010401592
5.0,0.4,0.03,0.15,8.0,0.057514069032569004
7.0,0.3,0.07,0.15,8.0,0.07182940681839507
7.0,0.4,0.03,0.15,8.0,0.05303806545305504
7.0,0.5,0.07,0.15,8.0,0.0923816335847028
7.0,0.5,0.08,0.15,8.0,0.09909818902845371
9.0,0.8,0.05,0.15,8.0,0.08892881780139708
2.0,0.3,0.03,0.15,14.0,0.056934906184487835
4.0,0.3,0.03,0.15,8.0,0.05212417651721685
4.0,0.3,0.08,0.15,10.0,0.09478065360540257
3.0,0.3,0.07,0.15,12.0,0.09560781919522272
3.0,0.4,0.03,0.15,14.0,0.06553028919137441
4.0,0.3,0.1,0.15,9.0,0.10477211396710591
4.0,0.5,0.04,0.15,11.0,0.08140942584398772
9.0,0.4,0.04,0.15,8.0,0.05639490307063768
9.0,0.5,0.05,0.15,8.0,0.07061581009116001
9.0,0.5,0.08,0.15,8.0,0.09000536757752543
3.0,0.3,0.03,0.15,8.0,0.05215545702454917
5.0,0.4,0.04,0.15,11.0,0.07090790305345622
5.0,0.4,0.08,0.15,8.0,0.09852369080785807
5.0,0.5,0.04,0.15,10.0,0.07745109170703333
6.0,0.5,0.05,0.15,8.0,0.0810490567293903
5.0,0.3,0.03,0.15,8.0,0.050541628921407296
5.0,0.4,0.07,0.15,9.0,0.09371419213678778
6.0,0.3,0.04,0.15,12.0,0.05917076044093371
6.0,0.3,0.07,0.15,9.0,0.07708345254909517
8.0,0.3,0.07,0.15,8.0,0.06829412358847302
8.0,0.3,0.1,0.15,8.0,0.08197877843638951
8.0,0.6,0.04,0.15,8.0,0.07175621270542945
8.0,0.8,0.03,0.15,8.0,0.07050361128521157
7.0,0.4,0.04,0.15,9.0,0.06263626155901687
7.0,0.5,0.03,0.15,8.0,0.058911296618984935
7.0,0.6,0.04,0.15,8.0,0.07492955666035961
8.0,0.4,0.05,0.15,8.0,0.06620670149631429
4.0,0.4,0.05,0.15,8.0,0.07915050299994345
5.0,0.3,0.04,0.15,13.0,0.06324172299409869
5.0,0.3,0.07,0.15,10.0,0.08303008948681695
5.0,0.5,0.03,0.15,8.0,0.06343962658527412
6.0,0.3,0.03,0.15,8.0,0.048432824334706824
6.0,0.4,0.03,0.15,8.0,0.05537404837425129
6.0,0.5,0.04,0.15,9.0,0.0730421342707752
7.0,0.3,0.04,0.15,11.0,0.05551409117593821
8.0,0.7,0.03,0.15,8.0,0.06623362746226848
9.0,0.3,0.07,0.15,8.0,0.06513264987709484
9.0,0.3,0.08,0.15,8.0,0.06971928932150485
9.0,0.7,0.03,0.15,8.0,0.06367565922178663
6.0,0.3,0.1,0.15,8.0,0.09119877096337506
6.0,0.4,0.1,0.15,8.0,0.10518829879525564
6.0,0.5,0.03,0.15,8.0,0.061332246337515745
6.0,0.5,0.07,0.15,8.0,0.09710620806445297
7.0,0.4,0.1,0.15,8.0,0.09967245873868177
7.0,0.7,0.03,0.15,8.0,0.06884542060984884
7.0,0.7,0.04,0.15,8.0,0.08056540044382303
8.0,0.5,0.03,0.15,8.0,0.0564785752848561
9.0,0.8,0.04,0.15,8.0,0.07905399193950492
2.0,0.3,0.05,0.15,8.0,0.06722625554850818
2.0,0.3,0.07,0.15,14.0,0.09902452719320343
3.0,0.4,0.05,0.15,8.0,0.07980151655923781
7.0,0.3,0.05,0.15,8.0,0.06035923078130398
7.0,0.3,0.08,0.15,8.0,0.07695103664452684
7.0,0.4,0.07,0.15,8.0,0.08278461682104359
7.0,0.4,0.08,0.15,8.0,0.08874608739062698
8.0,0.5,0.08,0.15,8.0,0.09431887636174076
9.0,0.3,0.05,0.15,9.0,0.055416960361987254
9.0,0.4,0.07,0.15,8.0,0.07517684080711481
